event_id,date,league_slug,home,away,odd_home,odd_away,books,status,fetched_at
8259160366,2026-08-11T14:00:00Z,league-of-legends-hitpoint-masters-summer,NightBirds,Onion Team,,,,none,2026-09-30 17:30
5717396748,2026-08-11T16:30:00Z,league-of-legends-hitpoint-masters-summer,BRUTE,Bohemian Guardians,,,,none,2026-09-30 17:30
4315441485,2026-08-12T14:00:00Z,league-of-legends-hitpoint-masters-summer,Onion Team,eSuba,,,,none,2026-09-30 16:28
7343686921,2026-08-12T16:30:00Z,league-of-legends-hitpoint-masters-summer,Meavedron,CITA Kaizen,,,,none,2026-09-30 16:28
4202909140,2026-08-13T14:00:00Z,league-of-legends-hitpoint-masters-summer,NightBirds,eSuba,1.03,12.8,1xbet+GG.bet,ok,2026-09-30 16:27
6633516372,2026-08-13T16:30:00Z,league-of-legends-hitpoint-masters-summer,Meavedron,EXILE esports,,,,none,2026-09-30 16:27
5086507213,2026-08-18T14:00:00Z,league-of-legends-hitpoint-masters-summer,NightBirds,CITA Kaizen,1.101,6.44,1xbet,ok,2026-09-30 16:27
6184761170,2026-08-18T16:30:00Z,league-of-legends-hitpoint-masters-summer,Meavedron,Bohemian Guardians,,,,none,2026-09-30 16:27
5173282518,2026-08-19T14:00:00Z,league-of-legends-hitpoint-masters-summer,Onion Team,BRUTE,4.97,1.13,1xbet,ok,2026-09-30 16:27
6820274582,2026-08-19T16:30:00Z,league-of-legends-hitpoint-masters-summer,EXILE esports,Bohemian Guardians,,,,none,2026-09-30 16:27
5126562454,2026-08-20T14:00:00Z,league-of-legends-hitpoint-masters-summer,NightBirds,EXILE esports,1.01,13.7,1xbet,ok,2026-09-30 16:27
5298616202,2026-08-20T16:30:00Z,league-of-legends-hitpoint-masters-summer,CITA Kaizen,Bohemian Guardians,,,,none,2026-09-30 14:22
5262977539,2026-08-25T15:45:00Z,league-of-legends-hitpoint-masters-summer,eSuba,BRUTE,,,,none,2026-09-30 14:21
6784540945,2026-08-26T14:00:00Z,league-of-legends-hitpoint-masters-summer,EXILE esports,BRUTE,2.279,1.61,1xbet,ok,2026-09-30 14:21
5528778945,2026-08-26T16:30:00Z,league-of-legends-hitpoint-masters-summer,eSuba,CITA Kaizen,,,,none,2026-09-30 14:21
6109031426,2026-08-27T14:00:00Z,league-of-legends-hitpoint-masters-summer,NightBirds,Meavedron,,,,none,2026-09-30 14:21
5027057888,2026-08-27T16:00:00Z,league-of-legends-hitpoint-masters-summer,Onion Team,Bohemian Guardians,,,,none,2026-09-15 22:47
5953131569,2026-09-01T14:00:00Z,league-of-legends-hitpoint-masters-summer,EXILE esports,CITA Kaizen,7.75,1.07,1xbet,ok,2026-09-15 22:47
8170603865,2026-09-01T16:10:00Z,league-of-legends-hitpoint-masters-summer,Meavedron,BRUTE,,,,none,2026-09-15 22:47
5745648119,2026-09-02T16:00:00Z,league-of-legends-hitpoint-masters-summer,Meavedron,Onion Team,,,,none,2026-09-15 21:13
7356663687,2026-09-03T14:00:00Z,league-of-legends-hitpoint-masters-summer,NightBirds,BRUTE,,,,none,2026-09-15 21:13
5420060659,2026-09-03T15:45:00Z,league-of-legends-hitpoint-masters-summer,EXILE esports,eSuba,4.89,1.17,1xbet,ok,2026-09-15 21:13
4461230745,2026-09-04T15:05:00Z,league-of-legends-hitpoint-masters-summer,eSuba,Bohemian Guardians,,,,none,2026-09-15 21:13
6954408721,2026-09-06T10:20:00Z,league-of-legends-hitpoint-masters-summer,CITA Kaizen,BRUTE,,,,none,2026-09-15 21:13
4513243757,2026-09-06T12:00:00Z,league-of-legends-hitpoint-masters-summer,Meavedron,eSuba,2.365,1.57,1xbet,ok,2026-09-15 21:13
8045472170,2026-09-08T14:00:00Z,league-of-legends-hitpoint-masters-summer,NightBirds,EXILE esports,,,,none,2026-09-15 21:13
8008705406,2026-09-09T14:10:00Z,league-of-legends-hitpoint-masters-summer,CITA Kaizen,Meavedron,1.15,5.17,1xbet,ok,2026-09-15 21:13
7536614156,2026-09-13T11:10:00Z,league-of-legends-hitpoint-masters-summer,Meavedron,BRUTE,1.08,7.3,1xbet,ok,2026-09-15 21:13
5299084262,2026-09-14T14:30:00Z,league-of-legends-hitpoint-masters-summer,EXILE esports,eSuba,3.08,1.36,1xbet,ok,2026-09-15 21:13
6587629377,2026-09-15T15:00:00Z,league-of-legends-hitpoint-masters-summer,NightBirds,CITA Kaizen,1.15,5.17,1xbet,ok,2026-09-15 21:13
7749352182,2026-07-25T20:00:00Z,league-of-legends-lcs-summer,FlyQuest,LYON,2.816,1.432,1xbet,ok,2026-10-01 12:11
7318982634,2026-07-25T21:50:00Z,league-of-legends-lcs-summer,Dignitas,Sentinels,5.76,1.137,1xbet,ok,2026-10-01 12:11
7457342155,2026-07-26T20:00:00Z,league-of-legends-lcs-summer,Team Liquid,Cloud9,1.613,2.31,1xbet,ok,2026-10-01 12:11
5566101241,2026-07-26T22:15:00Z,league-of-legends-lcs-summer,Shopify Rebellion,Disguised,1.704,2.145,1xbet,ok,2026-10-01 12:11
4313060591,2026-08-01T20:00:00Z,league-of-legends-lcs-summer,Cloud9,Dignitas,1.15,7.48,1xbet+GG.bet,ok,2026-10-01 12:10
7564252785,2026-08-01T23:00:00Z,league-of-legends-lcs-summer,FlyQuest,Disguised,1.18,4.54,1xbet+GG.bet,ok,2026-10-01 12:10
4993973178,2026-08-02T20:00:00Z,league-of-legends-lcs-summer,LYON,Shopify Rebellion,1.22,5.02,1xbet+GG.bet,ok,2026-10-01 12:10
4731091084,2026-08-02T23:00:00Z,league-of-legends-lcs-summer,Team Liquid,Sentinels,1.24,4.34,1xbet+GG.bet,ok,2026-10-01 12:10
5269745980,2026-08-08T20:00:00Z,league-of-legends-lcs-summer,Cloud9,Disguised,1.078,7.95,1xbet+GG.bet,ok,2026-10-01 11:08
7574215539,2026-08-08T22:40:00Z,league-of-legends-lcs-summer,Sentinels,Shopify Rebellion,1.264,3.78,1xbet,ok,2026-10-01 11:08
4683952935,2026-08-09T20:00:00Z,league-of-legends-lcs-summer,Dignitas,LYON,7.95,1.11,1xbet+GG.bet,ok,2026-10-01 11:07
7191652256,2026-08-09T21:35:00Z,league-of-legends-lcs-summer,FlyQuest,Team Liquid,,,,none,2026-10-01 11:07
7036096019,2026-08-15T20:00:00Z,league-of-legends-lcs-summer,Disguised,Team Liquid,11.8,1.04,1xbet+GG.bet,ok,2026-09-30 16:27
4292934171,2026-08-15T21:45:00Z,league-of-legends-lcs-summer,Shopify Rebellion,Dignitas,1.472,2.78,1xbet+GG.bet,ok,2026-09-30 16:27
6414342756,2026-08-16T20:00:00Z,league-of-legends-lcs-summer,FlyQuest,Cloud9,2.31,1.613,1xbet+GG.bet,ok,2026-09-30 16:27
4743898182,2026-08-16T22:00:00Z,league-of-legends-lcs-summer,LYON,Sentinels,1.16,5.51,1xbet+GG.bet,ok,2026-09-30 16:27
5635055122,2026-08-22T20:00:00Z,league-of-legends-lcs-summer,Sentinels,FlyQuest,2.112,1.71,1xbet+GG.bet,ok,2026-09-30 14:22
5684780952,2026-08-22T21:45:00Z,league-of-legends-lcs-summer,Disguised,Dignitas,2.05,1.8,1xbet+GG.bet,ok,2026-09-30 14:22
6664617823,2026-08-23T20:00:00Z,league-of-legends-lcs-summer,Disguised,Sentinels,3.78,1.264,1xbet,ok,2026-09-30 16:27
4011842996,2026-08-23T21:45:00Z,league-of-legends-lcs-summer,Dignitas,FlyQuest,2.816,1.432,1xbet,ok,2026-09-30 14:21
8244613773,2026-08-29T20:00:00Z,league-of-legends-lcs-summer,Team Liquid,Shopify Rebellion,1.11,7.95,1xbet+GG.bet,ok,2026-09-30 14:21
5153473441,2026-08-29T23:00:00Z,league-of-legends-lcs-summer,Cloud9,LYON,2.533,1.52,1xbet+GG.bet,ok,2026-09-15 22:47
4818295283,2026-08-30T20:00:00Z,league-of-legends-lcs-summer,LYON,Team Liquid,1.704,2.16,1xbet+GG.bet,ok,2026-09-15 22:47
4318323237,2026-08-30T21:50:00Z,league-of-legends-lcs-summer,Cloud9,Shopify Rebellion,1.29,4.38,1xbet+GG.bet,ok,2026-09-15 22:47
6278073399,2026-09-05T20:00:00Z,league-of-legends-lcs-summer,Sentinels,Cloud9,2.422,1.59,1xbet+GG.bet,ok,2026-09-15 21:13
8286844303,2026-09-05T21:45:00Z,league-of-legends-lcs-summer,Team Liquid,Dignitas,1.033,11.8,1xbet,ok,2026-09-30 16:27
5909957755,2026-09-06T20:00:00Z,league-of-legends-lcs-summer,Shopify Rebellion,FlyQuest,2.816,1.432,1xbet,ok,2026-09-30 16:27
4935695305,2026-09-06T21:45:00Z,league-of-legends-lcs-summer,LYON,Disguised,,,,none,2026-09-15 21:13
4660764223,2026-09-12T20:00:00Z,league-of-legends-lcs-summer,Cloud9,Shopify Rebellion,1.157,5.3,1xbet+GG.bet,ok,2026-09-15 21:13
4835386899,2026-09-13T20:00:00Z,league-of-legends-lcs-summer,Sentinels,FlyQuest,1.9,1.94,1xbet+GG.bet,ok,2026-09-15 21:13
4629837931,2026-07-24T14:00:00Z,league-of-legends-lec-summer,G2 Esports,Movistar KOI,1.41,2.754,1xbet,ok,2026-10-01 15:15
4660461198,2026-07-24T17:45:00Z,league-of-legends-lec-summer,Team Vitality,Karmine Corp,3.96,1.31,1xbet+GG.bet,ok,2026-10-01 15:15
7644059821,2026-07-25T14:00:00Z,league-of-legends-lec-summer,Team Vitality,G2 Esports,5.25,1.177,1xbet+GG.bet,ok,2026-10-01 15:15
6960329036,2026-07-25T16:30:00Z,league-of-legends-lec-summer,Karmine Corp,Movistar KOI,1.432,2.816,1xbet,ok,2026-10-01 12:11
4527503695,2026-07-26T14:30:00Z,league-of-legends-lec-summer,Movistar KOI,Team Vitality,1.296,3.73,1xbet+GG.bet,ok,2026-10-01 12:11
6134710335,2026-07-26T17:30:00Z,league-of-legends-lec-summer,G2 Esports,Karmine Corp,1.555,2.435,1xbet,ok,2026-10-01 12:11
5261970162,2026-07-31T15:00:00Z,league-of-legends-lec-summer,Team Vitality,Team Heretics,1.28,3.72,1xbet+GG.bet,ok,2026-10-01 12:10
5545876638,2026-07-31T17:00:00Z,league-of-legends-lec-summer,Movistar KOI,Shifters,1.1,6.14,GG.bet,ok,2026-10-01 12:10
6474082224,2026-08-01T15:00:00Z,league-of-legends-lec-summer,GIANTX,SK Gaming,1.41,2.94,1xbet+GG.bet,ok,2026-10-01 12:10
6776724791,2026-08-01T18:15:00Z,league-of-legends-lec-summer,Karmine Corp,Natus Vincere,1.13,5.39,GG.bet,ok,2026-10-01 12:10
6810632496,2026-08-02T15:10:00Z,league-of-legends-lec-summer,SK Gaming,G2 Esports,6.68,1.125,1xbet+GG.bet,ok,2026-10-01 12:10
6510997304,2026-08-02T17:15:00Z,league-of-legends-lec-summer,Fnatic,Movistar KOI,2.498,1.52,1xbet+GG.bet,ok,2026-10-01 12:10
6975437332,2026-08-03T15:00:00Z,league-of-legends-lec-summer,Natus Vincere,Shifters,1.374,2.99,1xbet+GG.bet,ok,2026-10-01 12:10
5349365218,2026-08-03T17:15:00Z,league-of-legends-lec-summer,Karmine Corp,Team Heretics,1.06,8.5,1xbet+GG.bet,ok,2026-10-01 11:08
6775651913,2026-08-07T15:00:00Z,league-of-legends-lec-summer,Shifters,GIANTX,3.13,1.33,GG.bet,ok,2026-10-01 11:08
5984939783,2026-08-07T17:45:00Z,league-of-legends-lec-summer,Team Heretics,Fnatic,3.375,1.37,1xbet+GG.bet,ok,2026-10-01 11:08
4785556676,2026-08-08T15:00:00Z,league-of-legends-lec-summer,SK Gaming,Natus Vincere,2.41,1.53,GG.bet,ok,2026-10-01 11:08
4189705975,2026-08-08T18:00:00Z,league-of-legends-lec-summer,Movistar KOI,GIANTX,1.31,3.375,1xbet,ok,2026-10-01 11:08
6628157130,2026-08-09T15:00:00Z,league-of-legends-lec-summer,Team Heretics,G2 Esports,9.5,1.06,1xbet+GG.bet,ok,2026-10-01 11:08
6593279999,2026-08-09T17:00:00Z,league-of-legends-lec-summer,Fnatic,Karmine Corp,5.63,1.144,1xbet+GG.bet,ok,2026-10-01 11:08
4754218643,2026-08-10T15:00:00Z,league-of-legends-lec-summer,SK Gaming,Team Vitality,2.816,1.432,1xbet+GG.bet,ok,2026-10-01 11:07
6371554688,2026-08-10T16:50:00Z,league-of-legends-lec-summer,Natus Vincere,G2 Esports,5.0,1.17,1xbet+GG.bet,ok,2026-09-30 17:30
4634316158,2026-08-14T15:00:00Z,league-of-legends-lec-summer,Shifters,SK Gaming,2.145,1.71,1xbet+GG.bet,ok,2026-09-30 16:27
4664107375,2026-08-14T17:00:00Z,league-of-legends-lec-summer,GIANTX,Team Vitality,2.18,1.687,1xbet+GG.bet,ok,2026-09-30 16:27
6959557793,2026-08-15T15:00:00Z,league-of-legends-lec-summer,SK Gaming,Fnatic,1.88,2.0,1xbet+GG.bet,ok,2026-09-30 16:27
5754365809,2026-08-15T16:55:00Z,league-of-legends-lec-summer,G2 Esports,Shifters,1.03,10.78,1xbet+GG.bet,ok,2026-09-30 16:27
6068561550,2026-08-16T15:00:00Z,league-of-legends-lec-summer,Movistar KOI,Natus Vincere,1.833,2.19,1xbet+GG.bet,ok,2026-09-30 16:27
8219611014,2026-08-16T17:05:00Z,league-of-legends-lec-summer,G2 Esports,Fnatic,1.2,5.26,1xbet+GG.bet,ok,2026-09-30 16:27
7491942336,2026-08-17T15:00:00Z,league-of-legends-lec-summer,Natus Vincere,Team Heretics,1.37,3.435,1xbet+GG.bet,ok,2026-09-30 16:27
4773467249,2026-08-17T16:40:00Z,league-of-legends-lec-summer,GIANTX,Karmine Corp,5.0,1.143,1xbet,ok,2026-09-30 16:27
6555319370,2026-08-21T15:00:00Z,league-of-legends-lec-summer,Team Heretics,SK Gaming,2.754,1.45,1xbet+GG.bet,ok,2026-09-30 14:22
5449205886,2026-08-21T17:00:00Z,league-of-legends-lec-summer,Team Vitality,Natus Vincere,1.635,2.23,1xbet+GG.bet,ok,2026-09-30 14:22
7838265937,2026-08-22T15:00:00Z,league-of-legends-lec-summer,Fnatic,Shifters,1.2,5.0,1xbet+GG.bet,ok,2026-09-30 14:22
6607533261,2026-08-22T16:45:00Z,league-of-legends-lec-summer,SK Gaming,Movistar KOI,4.275,1.23,1xbet+GG.bet,ok,2026-09-30 14:22
6299685978,2026-08-23T15:00:00Z,league-of-legends-lec-summer,Team Heretics,GIANTX,2.816,1.432,1xbet,ok,2026-09-30 14:22
4083355249,2026-08-23T17:15:00Z,league-of-legends-lec-summer,Shifters,Karmine Corp,10.0,1.03,1xbet,ok,2026-09-30 14:22
6512364527,2026-08-24T15:00:00Z,league-of-legends-lec-summer,Natus Vincere,Fnatic,2.38,1.591,1xbet+GG.bet,ok,2026-09-30 14:21
5339878301,2026-08-24T17:15:00Z,league-of-legends-lec-summer,GIANTX,G2 Esports,5.5,1.14,1xbet+GG.bet,ok,2026-09-30 14:21
4149846881,2026-08-28T15:00:00Z,league-of-legends-lec-summer,Shifters,Team Heretics,2.24,1.69,1xbet+GG.bet,ok,2026-09-15 22:47
5783743646,2026-08-28T16:45:00Z,league-of-legends-lec-summer,Team Vitality,Fnatic,1.62,2.24,1xbet+GG.bet,ok,2026-09-15 22:47
4336338237,2026-08-29T15:00:00Z,league-of-legends-lec-summer,Karmine Corp,SK Gaming,1.125,7.34,1xbet+GG.bet,ok,2026-09-15 22:47
4564411920,2026-08-29T17:15:00Z,league-of-legends-lec-summer,Natus Vincere,GIANTX,1.727,2.15,1xbet+GG.bet,ok,2026-09-15 22:47
6004028841,2026-08-30T12:00:00Z,league-of-legends-lec-summer,Shifters,Team Vitality,5.0,1.17,1xbet+GG.bet,ok,2026-09-15 22:47
5834351376,2026-08-30T13:45:00Z,league-of-legends-lec-summer,Movistar KOI,Team Heretics,1.232,4.22,1xbet+GG.bet,ok,2026-09-15 22:47
5098006621,2026-08-30T15:45:00Z,league-of-legends-lec-summer,Fnatic,GIANTX,1.72,2.23,1xbet+GG.bet,ok,2026-09-15 22:47
6724949856,2026-09-05T10:10:00Z,league-of-legends-lec-summer,Team Vitality,G2 Esports,3.59,1.343,1xbet+GG.bet,ok,2026-09-15 21:13
6036840858,2026-09-05T13:15:00Z,league-of-legends-lec-summer,Karmine Corp,GIANTX,1.071,8.23,1xbet+GG.bet,ok,2026-09-15 21:13
6014854009,2026-09-06T15:00:00Z,league-of-legends-lec-summer,G2 Esports,Karmine Corp,1.85,1.91,1xbet+GG.bet,ok,2026-09-15 21:13
6791555911,2026-09-11T15:00:00Z,league-of-legends-lec-summer,GIANTX,Natus Vincere,2.24,1.63,1xbet+GG.bet,ok,2026-09-15 21:13
5991876956,2026-09-12T15:00:00Z,league-of-legends-lec-summer,Team Vitality,Movistar KOI,2.0,1.77,1xbet+GG.bet,ok,2026-09-15 21:13
4254761832,2026-09-15T16:00:00Z,league-of-legends-lfl-promotion,Skillcamp Esport,Project Conquerors,1.15,5.57,1xbet+GG.bet,ok,2026-09-15 21:13
5581194899,2026-07-22T16:00:00Z,league-of-legends-lit-summer,Zena Esports,Colossal Gaming,,,,none,2026-10-01 16:17
5613140265,2026-07-22T17:00:00Z,league-of-legends-lit-summer,HMBLE,GMBLERS ESPORTS,,,,none,2026-10-01 16:17
4080190964,2026-07-22T18:00:00Z,league-of-legends-lit-summer,TITANS,EKO Esports,,,,none,2026-10-01 16:17
5861640817,2026-07-22T19:00:00Z,league-of-legends-lit-summer,P11 Esports,Aeterna Esports,,,,none,2026-10-01 16:17
8073834078,2026-07-23T16:00:00Z,league-of-legends-lit-summer,EKO Esports,P11 Esports,,,,none,2026-10-01 15:16
6938907968,2026-07-23T17:00:00Z,league-of-legends-lit-summer,Aeterna Esports,Zena Esports,,,,none,2026-10-01 15:15
5499630341,2026-07-23T18:00:00Z,league-of-legends-lit-summer,GMBLERS ESPORTS,TITANS,,,,none,2026-10-01 15:15
7735703052,2026-07-23T19:00:00Z,league-of-legends-lit-summer,Colossal Gaming,HMBLE,,,,none,2026-10-01 15:15
6752491637,2026-07-24T16:00:00Z,league-of-legends-lit-summer,P11 Esports,GMBLERS ESPORTS,,,,none,2026-10-01 15:15
7990779049,2026-07-24T17:00:00Z,league-of-legends-lit-summer,TITANS,Colossal Gaming,,,,none,2026-10-01 15:15
6216980137,2026-07-24T18:00:00Z,league-of-legends-lit-summer,Zena Esports,HMBLE,,,,none,2026-10-01 15:15
6358393006,2026-07-24T19:00:00Z,league-of-legends-lit-summer,Aeterna Esports,EKO Esports,,,,none,2026-10-01 15:15
5291703613,2026-07-30T16:00:00Z,league-of-legends-lit-summer,HMBLE,TITANS,,,,none,2026-10-01 12:10
4421009886,2026-07-30T17:00:00Z,league-of-legends-lit-summer,GMBLERS ESPORTS,Aeterna Esports,,,,none,2026-10-01 12:10
5907359782,2026-07-30T18:00:00Z,league-of-legends-lit-summer,Colossal Gaming,P11 Esports,,,,none,2026-10-01 12:10
7120108688,2026-07-30T19:00:00Z,league-of-legends-lit-summer,EKO Esports,Zena Esports,,,,none,2026-10-01 12:10
7312250645,2026-07-31T16:00:00Z,league-of-legends-lit-summer,EKO Esports,GMBLERS ESPORTS,,,,none,2026-10-01 12:10
8131689043,2026-07-31T17:00:00Z,league-of-legends-lit-summer,P11 Esports,HMBLE,,,,none,2026-10-01 12:10
6974302766,2026-07-31T18:00:00Z,league-of-legends-lit-summer,Aeterna Esports,Colossal Gaming,,,,none,2026-10-01 12:10
5370613415,2026-07-31T19:00:00Z,league-of-legends-lit-summer,Zena Esports,TITANS,1.46,2.673,1xbet,ok,2026-10-01 12:10
6822814646,2026-08-06T16:00:00Z,league-of-legends-lit-summer,HMBLE,Aeterna Esports,,,,none,2026-10-01 11:08
4617871021,2026-08-06T17:00:00Z,league-of-legends-lit-summer,Colossal Gaming,EKO Esports,,,,none,2026-10-01 11:08
8237710379,2026-08-06T18:00:00Z,league-of-legends-lit-summer,GMBLERS ESPORTS,Zena Esports,,,,none,2026-10-01 11:08
4644005978,2026-08-06T19:00:00Z,league-of-legends-lit-summer,TITANS,P11 Esports,,,,none,2026-10-01 11:08
4708730070,2026-08-07T16:00:00Z,league-of-legends-lit-summer,Aeterna Esports,TITANS,,,,none,2026-10-01 11:08
4147527491,2026-08-07T17:00:00Z,league-of-legends-lit-summer,Zena Esports,P11 Esports,,,,none,2026-10-01 11:08
6011316284,2026-08-07T18:00:00Z,league-of-legends-lit-summer,EKO Esports,HMBLE,,,,none,2026-10-01 11:08
8268791585,2026-08-07T19:30:00Z,league-of-legends-lit-summer,GMBLERS ESPORTS,Colossal Gaming,,,,none,2026-10-01 11:08
5380458167,2026-08-20T16:00:00Z,league-of-legends-lit-summer,TITANS,P11 Esports,,,,none,2026-09-30 14:22
4235540691,2026-08-20T16:00:00Z,league-of-legends-lit-summer,HMBLE,GMBLERS ESPORTS,,,,none,2026-09-30 14:22
8141639815,2026-08-26T16:00:00Z,league-of-legends-lit-summer,Aeterna Esports,Colossal Gaming,,,,none,2026-09-30 14:21
5298398410,2026-08-27T16:00:00Z,league-of-legends-lit-summer,EKO Esports,TITANS,,,,none,2026-09-15 22:47
4789195150,2026-09-02T16:10:00Z,league-of-legends-lit-summer,Zena Esports,TITANS,,,,none,2026-09-15 21:13
4519877564,2026-09-03T16:00:00Z,league-of-legends-lit-summer,HMBLE,Colossal Gaming,,,,none,2026-09-15 21:13
5191544485,2026-09-09T16:00:00Z,league-of-legends-lit-summer,GMBLERS ESPORTS,Zena Esports,,,,none,2026-09-15 21:13
4721858402,2026-09-10T16:00:00Z,league-of-legends-lit-summer,Zena Esports,Los Goccioles,1.89,1.8,1xbet,ok,2026-09-15 21:13
7051663570,2026-07-20T16:00:00Z,league-of-legends-nlc-summer,Bulldog Esports,Brod n Friends,,,,none,2026-10-01 16:17
7817953548,2026-07-20T16:00:00Z,league-of-legends-nlc-summer,Verdant,Absolved,1.06,8.36,1xbet+GG.bet,ok,2026-10-01 16:17
4281430657,2026-07-20T18:00:00Z,league-of-legends-nlc-summer,Arctic Pandas,Sørby eSport,,,,none,2026-10-01 16:17
4584204432,2026-07-20T18:00:00Z,league-of-legends-nlc-summer,Lundqvist Lightside,B2U,1.7,2.125,1xbet,ok,2026-10-01 16:17
7277489637,2026-07-22T16:00:00Z,league-of-legends-nlc-summer,Ruddy Corporation,Bitfix RG,,,,none,2026-10-01 16:17
4662434359,2026-07-22T18:00:00Z,league-of-legends-nlc-summer,LEO,Volda E-Sport,,,,none,2026-10-01 16:17
8154937939,2026-07-22T18:00:00Z,league-of-legends-nlc-summer,Deer Gaming,2 Massive,,,,none,2026-10-01 16:17
7546282437,2026-07-27T16:00:00Z,league-of-legends-nlc-summer,Deer Gaming,Epic Avalanche,,,,none,2026-10-01 12:11
6757246365,2026-07-27T16:00:00Z,league-of-legends-nlc-summer,Verdant,Lundqvist Lightside,1.07,7.75,1xbet,ok,2026-10-01 12:11
4418032783,2026-07-27T18:00:00Z,league-of-legends-nlc-summer,Ruddy Corporation,Volda E-Sport,1.1,6.5,1xbet,ok,2026-10-01 12:11
5484231633,2026-07-27T18:00:00Z,league-of-legends-nlc-summer,Arctic Pandas,Bulldog Esports,,,,none,2026-10-01 12:11
5076648764,2026-07-29T16:00:00Z,league-of-legends-nlc-summer,B2U,Absolved,,,,none,2026-10-01 12:10
7303143884,2026-07-29T16:00:00Z,league-of-legends-nlc-summer,LEO,Rich Gang,,,,none,2026-10-01 12:10
4899546122,2026-07-29T18:00:00Z,league-of-legends-nlc-summer,DMG Esports,2 Massive,,,,none,2026-10-01 12:10
7785709663,2026-07-29T18:00:00Z,league-of-legends-nlc-summer,Brod n Friends,Sørby eSport,,,,none,2026-10-01 12:10
5472210612,2026-08-03T16:00:00Z,league-of-legends-nlc-summer,Verdant,Bulldog Esports,,,,none,2026-10-01 11:08
5293251742,2026-08-03T16:00:00Z,league-of-legends-nlc-summer,B2U,Volda E-Sport,,,,none,2026-10-01 11:08
7384303626,2026-08-03T16:00:00Z,league-of-legends-nlc-summer,LEO,Lundqvist Lightside,,,,none,2026-10-01 11:08
7671633344,2026-08-03T18:15:00Z,league-of-legends-nlc-summer,Ruddy Corporation,Deer Gaming,,,,none,2026-10-01 11:08
6058264323,2026-08-05T16:00:00Z,league-of-legends-nlc-summer,DMG Esports,Arctic Pandas,,,,none,2026-10-01 11:08
5416549322,2026-08-05T16:00:00Z,league-of-legends-nlc-summer,Sørby eSport,Absolved,,,,none,2026-10-01 11:08
7828654951,2026-08-05T18:00:00Z,league-of-legends-nlc-summer,Brod n Friends,Epic Avalanche,,,,none,2026-10-01 11:08
5853507641,2026-08-10T16:00:00Z,league-of-legends-nlc-summer,Ruddy Corporation,Lundqvist Lightside,,,,none,2026-09-30 17:30
7216622236,2026-08-10T17:00:00Z,league-of-legends-nlc-summer,Bulldog Esports,B2U,,,,none,2026-09-30 17:30
6022357090,2026-08-10T18:00:00Z,league-of-legends-nlc-summer,Arctic Pandas,Brod n Friends,,,,none,2026-09-30 17:30
5124024154,2026-08-12T16:00:00Z,league-of-legends-nlc-summer,Volda E-Sport,Rich Gang,,,,none,2026-09-30 16:28
5288026089,2026-08-12T17:00:00Z,league-of-legends-nlc-summer,LEO,Epic Avalanche,,,,none,2026-09-30 16:28
5666288598,2026-08-12T18:00:00Z,league-of-legends-nlc-summer,DMG Esports,Absolved,,,,none,2026-09-30 16:27
8130358861,2026-08-17T16:00:00Z,league-of-legends-nlc-summer,Brod n Friends,DMG Esports,,,,none,2026-09-30 16:27
6909095394,2026-08-17T17:00:00Z,league-of-legends-nlc-summer,Bulldog Esports,LEO,,,,none,2026-09-30 16:27
5339742210,2026-08-17T18:00:00Z,league-of-legends-nlc-summer,Lundqvist Lightside,Volda E-Sport,,,,none,2026-09-30 16:27
4963126407,2026-08-19T16:00:00Z,league-of-legends-nlc-summer,Verdant,Bulldog Esports,1.06,7.29,GG.bet,ok,2026-09-30 16:27
4302652020,2026-08-19T18:00:00Z,league-of-legends-nlc-summer,B2U,Arctic Pandas,,,,none,2026-09-30 16:27
4997872409,2026-08-24T16:00:00Z,league-of-legends-nlc-summer,Deer Gaming,DMG Esports,,,,none,2026-09-30 14:21
6510791346,2026-08-24T18:00:00Z,league-of-legends-nlc-summer,Ruddy Corporation,Volda E-Sport,,,,none,2026-09-30 14:21
7048556225,2026-08-26T16:00:00Z,league-of-legends-nlc-summer,Bulldog Esports,B2U,,,,none,2026-09-30 14:21
7871134794,2026-08-26T18:00:00Z,league-of-legends-nlc-summer,DMG Esports,Volda E-Sport,,,,none,2026-09-30 14:21
6030425455,2026-08-31T16:00:00Z,league-of-legends-nlc-summer,Verdant,Arctic Pandas,1.28,3.595,1xbet+GG.bet,ok,2026-09-15 22:47
6629020800,2026-08-31T18:00:00Z,league-of-legends-nlc-summer,Deer Gaming,Ruddy Corporation,4.29,1.21,1xbet,ok,2026-09-15 22:47
6675413375,2026-09-02T16:00:00Z,league-of-legends-nlc-summer,Deer Gaming,Bulldog Esports,,,,none,2026-09-15 21:13
4589476725,2026-09-02T18:45:00Z,league-of-legends-nlc-summer,Verdant,DMG Esports,,,,none,2026-09-15 21:13
5984880668,2026-09-07T16:00:00Z,league-of-legends-nlc-summer,Arctic Pandas,Ruddy Corporation,2.318,1.59,1xbet,ok,2026-09-15 21:13
7815858367,2026-09-09T16:00:00Z,league-of-legends-nlc-summer,Deer Gaming,Verdant,5.88,1.12,1xbet+GG.bet,ok,2026-09-15 21:13
4030404092,2026-09-14T16:00:00Z,league-of-legends-nlc-summer,Arctic Pandas,Verdant,3.14,1.35,1xbet+GG.bet,ok,2026-09-15 21:13
5314514980,2026-08-04T15:00:00Z,league-of-legends-rift-legends-summer,Lodis,Barcząca Esports,1.143,5.0,1xbet,ok,2026-10-01 11:08
7910679244,2026-08-04T17:00:00Z,league-of-legends-rift-legends-summer,DOCISK,Anonymo Esports,2.627,1.454,1xbet,ok,2026-10-01 11:08
7128481613,2026-08-05T15:00:00Z,league-of-legends-rift-legends-summer,UP2UMEDIA Cebulaki,Forsaken,15.0,1.01,1xbet,ok,2026-10-01 11:08
7580672749,2026-08-05T17:00:00Z,league-of-legends-rift-legends-summer,BOMBA Team,devils.one inStreamly,1.65,2.24,1xbet+GG.bet,ok,2026-10-01 11:08
4427361579,2026-08-11T15:00:00Z,league-of-legends-rift-legends-summer,Barcząca Esports,devils.one inStreamly,7.5,1.08,1xbet+GG.bet,ok,2026-09-30 17:30
8240478040,2026-08-11T17:00:00Z,league-of-legends-rift-legends-summer,Lodis,Forsaken,1.591,2.24,1xbet,ok,2026-09-30 17:30
5345724298,2026-08-12T15:00:00Z,league-of-legends-rift-legends-summer,BOMBA Team,Anonymo Esports,1.104,6.09,1xbet,ok,2026-09-30 16:28
7511205198,2026-08-12T17:00:00Z,league-of-legends-rift-legends-summer,UP2UMEDIA Cebulaki,DOCISK,3.38,1.34,1xbet+GG.bet,ok,2026-09-30 16:28
6277406239,2026-08-18T15:00:00Z,league-of-legends-rift-legends-summer,Anonymo Esports,Forsaken,3.72,1.26,1xbet,ok,2026-09-30 16:27
4782514746,2026-08-18T17:00:00Z,league-of-legends-rift-legends-summer,BOMBA Team,Lodis,1.41,2.77,1xbet,ok,2026-09-30 16:27
8012565101,2026-08-19T15:00:00Z,league-of-legends-rift-legends-summer,UP2UMEDIA Cebulaki,devils.one inStreamly,10.92,1.025,1xbet+GG.bet,ok,2026-09-30 16:27
6663202052,2026-08-19T17:00:00Z,league-of-legends-rift-legends-summer,DOCISK,Barcząca Esports,2.635,1.48,1xbet+GG.bet,ok,2026-09-30 16:27
5872754394,2026-08-20T15:00:00Z,league-of-legends-rift-legends-summer,UP2UMEDIA Cebulaki,BOMBA Team,13.0,1.04,1xbet+GG.bet,ok,2026-09-30 14:22
5852965152,2026-08-20T18:00:00Z,league-of-legends-rift-legends-summer,Anonymo Esports,Barcząca Esports,1.727,2.0,1xbet,ok,2026-09-30 14:22
6257726717,2026-08-25T15:00:00Z,league-of-legends-rift-legends-summer,Lodis,devils.one inStreamly,2.627,1.48,1xbet+GG.bet,ok,2026-09-30 14:21
7576469284,2026-08-25T18:00:00Z,league-of-legends-rift-legends-summer,DOCISK,Forsaken,5.0,1.143,1xbet,ok,2026-09-30 14:21
7828533097,2026-08-26T15:00:00Z,league-of-legends-rift-legends-summer,Forsaken,Barcząca Esports,1.125,5.5,1xbet,ok,2026-09-30 14:21
7164241519,2026-08-26T18:00:00Z,league-of-legends-rift-legends-summer,BOMBA Team,DOCISK,1.09,7.5,1xbet+GG.bet,ok,2026-09-30 14:21
7201615285,2026-08-27T15:00:00Z,league-of-legends-rift-legends-summer,Anonymo Esports,devils.one inStreamly,7.5,1.071,1xbet,ok,2026-09-15 22:47
5999603489,2026-08-27T17:30:00Z,league-of-legends-rift-legends-summer,UP2UMEDIA Cebulaki,Lodis,7.85,1.071,1xbet+GG.bet,ok,2026-09-15 22:47
4731433478,2026-09-01T15:00:00Z,league-of-legends-rift-legends-summer,Anonymo Esports,UP2UMEDIA Cebulaki,1.177,4.47,1xbet,ok,2026-09-15 22:47
4166180209,2026-09-01T17:30:00Z,league-of-legends-rift-legends-summer,Lodis,BOMBA Team,1.727,2.0,1xbet,ok,2026-09-15 22:47
7674143337,2026-09-02T15:00:00Z,league-of-legends-rift-legends-summer,Barcząca Esports,Anonymo Esports,1.591,2.24,1xbet,ok,2026-09-15 21:13
7031377451,2026-09-02T17:30:00Z,league-of-legends-rift-legends-summer,devils.one inStreamly,Forsaken,,,,none,2026-09-15 21:13
6213662995,2026-09-03T15:00:00Z,league-of-legends-rift-legends-summer,DOCISK,Barcząca Esports,1.591,2.24,1xbet,ok,2026-09-15 21:13
4746997728,2026-09-03T17:30:00Z,league-of-legends-rift-legends-summer,Lodis,devils.one inStreamly,2.77,1.41,1xbet,ok,2026-09-15 21:13
7031745604,2026-09-04T15:00:00Z,league-of-legends-rift-legends-summer,Lodis,DOCISK,1.31,3.375,1xbet,ok,2026-09-15 21:13
7901609743,2026-09-08T15:00:00Z,league-of-legends-rift-legends-summer,Forsaken,BOMBA Team,1.727,2.0,1xbet,ok,2026-09-15 21:13
4759011211,2026-09-09T15:00:00Z,league-of-legends-rift-legends-summer,devils.one inStreamly,Lodis,1.87,1.87,1xbet+GG.bet,ok,2026-09-15 21:13
5146605425,2026-09-10T16:00:00Z,league-of-legends-rift-legends-summer,BOMBA Team,Lodis,2.188,1.82,1xbet+GG.bet,ok,2026-09-15 21:13
6434760609,2026-07-21T17:00:00Z,league-of-legends-road-of-legends-summer,mCon esports,Once Upon A Team,1.41,2.859,1xbet,ok,2026-10-01 16:17
7163126792,2026-07-21T18:00:00Z,league-of-legends-road-of-legends-summer,Frites Esports Club,Senshi Esports,1.07,7.75,1xbet,ok,2026-10-01 16:17
6818558616,2026-07-23T17:00:00Z,league-of-legends-road-of-legends-summer,Myth Esports,Dynasty,1.34,3.0,1xbet,ok,2026-10-01 15:15
5739539614,2026-07-23T18:00:00Z,league-of-legends-road-of-legends-summer,The Bandits,ZennIT,1.21,4.29,1xbet,ok,2026-10-01 15:15
4838167946,2026-07-28T17:00:00Z,league-of-legends-road-of-legends-summer,ZennIT,Dynasty,1.585,2.275,1xbet,ok,2026-10-01 12:10
5245556992,2026-07-28T18:00:00Z,league-of-legends-road-of-legends-summer,The Bandits,Myth Esports,1.36,3.08,1xbet,ok,2026-10-01 12:10
5884512379,2026-07-30T17:00:00Z,league-of-legends-road-of-legends-summer,Frites Esports Club,Once Upon A Team,1.04,9.85,1xbet,ok,2026-10-01 12:10
5695110729,2026-07-30T18:00:00Z,league-of-legends-road-of-legends-summer,mCon esports,Senshi Esports,1.71,2.106,1xbet,ok,2026-10-01 12:10
6841823833,2026-08-04T17:00:00Z,league-of-legends-road-of-legends-summer,mCon esports,The Bandits,3.08,1.36,1xbet,ok,2026-10-01 11:08
4918100096,2026-08-04T18:00:00Z,league-of-legends-road-of-legends-summer,Once Upon A Team,ZennIT,3.184,1.325,1xbet,ok,2026-10-01 11:08
8217413974,2026-08-06T17:00:00Z,league-of-legends-road-of-legends-summer,Myth Esports,Senshi Esports,1.62,2.26,1xbet,ok,2026-10-01 11:08
4134842220,2026-08-06T18:00:00Z,league-of-legends-road-of-legends-summer,Frites Esports Club,Dynasty,1.03,10.8,1xbet,ok,2026-10-01 11:08
7810622488,2026-08-11T17:00:00Z,league-of-legends-road-of-legends-summer,Frites Esports Club,mCon esports,1.04,9.85,1xbet,ok,2026-09-30 17:30
6163193133,2026-08-11T18:00:00Z,league-of-legends-road-of-legends-summer,Dynasty,Senshi Esports,3.205,1.34,1xbet,ok,2026-09-30 17:30
5257481878,2026-08-13T17:00:00Z,league-of-legends-road-of-legends-summer,The Bandits,Once Upon A Team,1.07,7.75,1xbet,ok,2026-09-30 16:27
6386254231,2026-08-13T18:00:00Z,league-of-legends-road-of-legends-summer,Myth Esports,ZennIT,1.82,1.95,1xbet,ok,2026-09-30 16:27
4793994934,2026-08-18T17:00:00Z,league-of-legends-road-of-legends-summer,mCon esports,Myth Esports,1.61,2.279,1xbet,ok,2026-09-30 16:27
4192273420,2026-08-18T18:00:00Z,league-of-legends-road-of-legends-summer,Once Upon A Team,Dynasty,1.9,1.86,1xbet,ok,2026-09-30 16:27
7429383423,2026-08-20T17:00:00Z,league-of-legends-road-of-legends-summer,The Bandits,Senshi Esports,1.25,3.855,1xbet,ok,2026-09-30 14:22
6619133635,2026-08-20T18:00:00Z,league-of-legends-road-of-legends-summer,Frites Esports Club,ZennIT,1.04,9.85,1xbet,ok,2026-09-30 14:22
7195621711,2026-08-25T17:00:00Z,league-of-legends-road-of-legends-summer,Frites Esports Club,Myth Esports,,,,none,2026-09-30 14:21
4515176088,2026-08-25T18:00:00Z,league-of-legends-road-of-legends-summer,The Bandits,Dynasty,1.08,7.3,1xbet,ok,2026-09-30 14:21
6283418997,2026-08-27T17:00:00Z,league-of-legends-road-of-legends-summer,mCon esports,ZennIT,1.8,1.97,1xbet,ok,2026-09-15 22:47
7938195578,2026-08-27T18:00:00Z,league-of-legends-road-of-legends-summer,Once Upon A Team,Senshi Esports,3.4,1.31,1xbet,ok,2026-09-15 22:47
5147474719,2026-09-01T16:00:00Z,league-of-legends-road-of-legends-summer,Frites Esports Club,Senshi Esports,1.03,10.8,1xbet,ok,2026-09-15 22:47
4685882640,2026-09-01T18:45:00Z,league-of-legends-road-of-legends-summer,The Bandits,mCon esports,1.29,3.52,1xbet,ok,2026-09-15 22:47
4824401433,2026-09-03T16:00:00Z,league-of-legends-road-of-legends-summer,Senshi Esports,Myth Esports,1.77,1.98,1xbet,ok,2026-09-15 21:13
6644149586,2026-09-03T18:00:00Z,league-of-legends-road-of-legends-summer,The Bandits,ZennIT,3.84,1.25,1xbet,ok,2026-09-15 21:13
4415610187,2026-09-08T16:00:00Z,league-of-legends-road-of-legends-summer,Frites Esports Club,mCon esports,1.02,12.1,1xbet,ok,2026-09-15 21:13
6989099992,2026-09-10T16:00:00Z,league-of-legends-road-of-legends-summer,Senshi Esports,The Bandits,2.659,1.45,1xbet,ok,2026-09-15 21:13
5445279917,2026-09-15T16:10:00Z,league-of-legends-road-of-legends-summer,mCon esports,Senshi Esports,2.413,1.55,1xbet,ok,2026-09-15 21:13
6516114471,2026-07-18T23:00:00Z,league-of-legends-split-2,SDM Tigres,Zeu5 Esports,7.48,1.07,1xbet,ok,2026-10-01 16:17
7597181639,2026-07-19T01:15:00Z,league-of-legends-split-2,Polar Squad Esports,Kits Esports,5.0,1.143,1xbet,ok,2026-10-01 16:17
7457454320,2026-07-19T02:00:00Z,league-of-legends-split-2,3v Team,Fuego,6.5,1.1,1xbet,ok,2026-10-01 16:17
4860340940,2026-07-19T23:00:00Z,league-of-legends-split-2,Kits Esports,SDM Tigres,2.989,1.374,1xbet,ok,2026-10-01 16:17
7727205402,2026-07-19T23:00:00Z,league-of-legends-split-2,Polar Squad Esports,Fuego,10.8,1.03,1xbet,ok,2026-10-01 16:17
5876307182,2026-07-20T02:00:00Z,league-of-legends-split-2,LYON Academy,Zeu5 Esports,10.0,1.03,1xbet,ok,2026-10-01 16:17
6223965640,2026-07-20T20:00:00Z,league-of-legends-split-2,Vivo Keyd Stars Academy,KaBuM! Ilha das Lendas,2.627,1.454,1xbet,ok,2026-10-01 16:17
4117937664,2026-07-20T21:00:00Z,league-of-legends-split-2,INTZ e-Sports,7REX,1.41,2.754,1xbet,ok,2026-10-01 16:17
4770603629,2026-07-20T22:00:00Z,league-of-legends-split-2,RED Academy,Ei Nerd Esports,2.99,1.36,1xbet,ok,2026-10-01 16:17
7142531863,2026-07-20T22:30:00Z,league-of-legends-split-2,Team Solid,RMD Gaming,2.202,1.65,1xbet,ok,2026-10-01 16:17
8072644499,2026-07-21T00:00:00Z,league-of-legends-split-2,Estral Esports,paiN Gaming Academy,1.11,5.98,1xbet,ok,2026-10-01 16:17
5323750230,2026-07-21T20:00:00Z,league-of-legends-split-2,Golden Lions,Volticons,,,,none,2026-10-01 16:17
5749261642,2026-07-21T20:00:00Z,league-of-legends-split-2,INTZ e-Sports,RED Academy,1.143,5.0,1xbet,ok,2026-10-01 16:17
5110410339,2026-07-21T21:00:00Z,league-of-legends-split-2,paiN Gaming Academy,RMD Gaming,1.625,2.2,1xbet,ok,2026-10-01 16:17
7290303490,2026-07-21T22:00:00Z,league-of-legends-split-2,KaBuM! Ilha das Lendas,Estral Esports,12.0,1.016,1xbet,ok,2026-10-01 16:17
7552455830,2026-07-21T22:15:00Z,league-of-legends-split-2,Team Solid,Ei Nerd Esports,2.627,1.454,1xbet,ok,2026-10-01 16:17
7958297345,2026-07-21T23:00:00Z,league-of-legends-split-2,Vivo Keyd Stars Academy,7REX,1.26,3.72,1xbet,ok,2026-10-01 16:17
6343916011,2026-07-22T20:00:00Z,league-of-legends-split-2,KaBuM! Ilha das Lendas,INTZ e-Sports,1.51,2.498,1xbet,ok,2026-10-01 16:17
7044028721,2026-07-22T21:00:00Z,league-of-legends-split-2,Estral Esports,Team Solid,1.083,7.0,1xbet,ok,2026-10-01 16:17
7120897574,2026-07-22T22:00:00Z,league-of-legends-split-2,RMD Gaming,Vivo Keyd Stars Academy,4.53,1.19,1xbet,ok,2026-10-01 16:17
7466203333,2026-07-22T22:30:00Z,league-of-legends-split-2,Ei Nerd Esports,7REX,2.0,1.727,1xbet,ok,2026-10-01 16:17
5575244958,2026-07-22T23:15:00Z,league-of-legends-split-2,RED Academy,paiN Gaming Academy,4.275,1.21,1xbet,ok,2026-10-01 16:17
4869398490,2026-07-25T16:00:00Z,league-of-legends-split-2,FURIA Esports,LOS,1.687,2.092,1xbet,ok,2026-10-01 12:11
5822735708,2026-07-25T19:20:00Z,league-of-legends-split-2,LOUD,paiN Gaming,1.41,2.754,1xbet,ok,2026-10-01 12:11
4629418485,2026-07-26T16:00:00Z,league-of-legends-split-2,Fluxo W7M,Leviatan Esports,1.264,3.59,1xbet,ok,2026-10-01 12:11
5316252548,2026-07-26T18:00:00Z,league-of-legends-split-2,RED Canids,Vivo Keyd Stars,1.325,3.19,1xbet,ok,2026-10-01 12:11
5846826602,2026-07-27T20:00:00Z,league-of-legends-split-2,7REX,RED Academy,1.192,4.31,1xbet,ok,2026-10-01 12:11
7652133926,2026-07-27T21:00:00Z,league-of-legends-split-2,paiN Gaming Academy,Ei Nerd Esports,1.798,1.912,1xbet,ok,2026-10-01 12:11
7498628239,2026-07-27T22:00:00Z,league-of-legends-split-2,KaBuM! Ilha das Lendas,Team Solid,1.3,3.325,1xbet,ok,2026-10-01 12:11
7323231772,2026-07-27T22:45:00Z,league-of-legends-split-2,Vivo Keyd Stars Academy,Estral Esports,,,,none,2026-10-01 12:11
8105844573,2026-07-27T23:00:00Z,league-of-legends-split-2,Fuego,Kits Esports,1.057,8.0,1xbet,ok,2026-10-01 12:11
7663606943,2026-07-27T23:40:00Z,league-of-legends-split-2,INTZ e-Sports,RMD Gaming,1.175,4.54,1xbet,ok,2026-10-01 12:11
6613888438,2026-07-28T20:00:00Z,league-of-legends-split-2,9z Globant,Maze Gaming,1.365,2.98,1xbet,ok,2026-10-01 12:10
5170067842,2026-07-28T20:00:00Z,league-of-legends-split-2,paiN Gaming Academy,Team Solid,1.343,3.225,1xbet,ok,2026-10-01 12:10
4678972791,2026-07-28T21:30:00Z,league-of-legends-split-2,Ei Nerd Esports,Vivo Keyd Stars Academy,2.989,1.374,1xbet,ok,2026-10-01 12:10
5807439543,2026-07-28T22:20:00Z,league-of-legends-split-2,Estral Esports,INTZ e-Sports,1.296,3.47,1xbet,ok,2026-10-01 12:10
7863810753,2026-07-28T23:00:00Z,league-of-legends-split-2,7REX,KaBuM! Ilha das Lendas,2.356,1.553,1xbet,ok,2026-10-01 12:10
5357584791,2026-07-28T23:40:00Z,league-of-legends-split-2,RMD Gaming,RED Academy,1.31,3.375,1xbet,ok,2026-10-01 12:10
7530228307,2026-07-29T20:15:00Z,league-of-legends-split-2,Ei Nerd Esports,INTZ e-Sports,2.78,1.43,1xbet,ok,2026-10-01 12:10
5609010217,2026-07-29T21:00:00Z,league-of-legends-split-2,RMD Gaming,KaBuM! Ilha das Lendas,3.375,1.31,1xbet,ok,2026-10-01 12:10
6958958028,2026-07-29T22:00:00Z,league-of-legends-split-2,paiN Gaming Academy,7REX,1.45,2.703,1xbet,ok,2026-10-01 12:10
6383036348,2026-07-29T22:45:00Z,league-of-legends-split-2,RED Academy,Estral Esports,5.88,1.12,1xbet,ok,2026-10-01 12:10
4098045526,2026-08-01T16:00:00Z,league-of-legends-split-2,Vivo Keyd Stars,FURIA Esports,1.8,1.909,1xbet,ok,2026-10-01 12:10
4778894801,2026-08-01T17:50:00Z,league-of-legends-split-2,Leviatan Esports,paiN Gaming,5.51,1.125,1xbet,ok,2026-10-01 12:10
7348380276,2026-08-02T16:00:00Z,league-of-legends-split-2,Fluxo W7M,LOUD,2.092,1.687,1xbet,ok,2026-10-01 12:10
5445874462,2026-08-02T18:00:00Z,league-of-legends-split-2,LOS,RED Canids,1.264,3.59,1xbet,ok,2026-10-01 12:10
5776758108,2026-08-03T19:00:00Z,league-of-legends-split-2,Team Solid,Vivo Keyd Stars Academy,2.989,1.374,1xbet,ok,2026-10-01 11:08
5962528316,2026-08-03T20:00:00Z,league-of-legends-split-2,Volticons,Docta Esports,1.177,4.47,1xbet,ok,2026-10-01 11:08
7127305581,2026-08-03T20:00:00Z,league-of-legends-split-2,RMD Gaming,Ei Nerd Esports,2.989,1.374,1xbet,ok,2026-10-01 11:08
5209242867,2026-08-03T21:00:00Z,league-of-legends-split-2,Team Solid,INTZ e-Sports,3.06,1.344,1xbet,ok,2026-10-01 11:08
7995365590,2026-08-03T22:00:00Z,league-of-legends-split-2,paiN Gaming Academy,Vivo Keyd Stars Academy,1.07,7.48,1xbet,ok,2026-10-01 11:08
4986108128,2026-08-03T22:20:00Z,league-of-legends-split-2,7REX,Estral Esports,6.98,1.08,1xbet,ok,2026-10-01 11:08
4130965684,2026-08-03T23:00:00Z,league-of-legends-split-2,KaBuM! Ilha das Lendas,RED Academy,1.177,4.47,1xbet,ok,2026-10-01 11:08
5131548767,2026-08-04T20:00:00Z,league-of-legends-split-2,Vivo Keyd Stars Academy,INTZ e-Sports,2.092,1.687,1xbet,ok,2026-10-01 11:08
7860395427,2026-08-04T20:00:00Z,league-of-legends-split-2,Maze Gaming,Malvinas Gaming,1.34,3.235,1xbet+GG.bet,ok,2026-10-01 11:08
7722080041,2026-08-04T21:00:00Z,league-of-legends-split-2,RED Academy,Team Solid,2.989,1.374,1xbet,ok,2026-10-01 11:08
6880355461,2026-08-04T22:00:00Z,league-of-legends-split-2,7REX,RMD Gaming,1.727,2.0,1xbet,ok,2026-10-01 11:08
6567435389,2026-08-04T23:00:00Z,league-of-legends-split-2,KaBuM! Ilha das Lendas,paiN Gaming Academy,2.092,1.687,1xbet,ok,2026-10-01 11:08
8125772128,2026-08-05T00:00:00Z,league-of-legends-split-2,Estral Esports,Ei Nerd Esports,1.26,3.72,1xbet,ok,2026-10-01 11:08
5100609667,2026-08-05T20:00:00Z,league-of-legends-split-2,Team Solid,7REX,2.0,1.727,1xbet,ok,2026-10-01 11:08
4129754593,2026-08-05T21:00:00Z,league-of-legends-split-2,Estral Esports,RMD Gaming,1.12,5.88,1xbet,ok,2026-10-01 11:08
6482154661,2026-08-05T22:00:00Z,league-of-legends-split-2,Ei Nerd Esports,KaBuM! Ilha das Lendas,2.0,1.727,1xbet,ok,2026-10-01 11:08
4654179621,2026-08-05T22:30:00Z,league-of-legends-split-2,RED Academy,Vivo Keyd Stars Academy,3.72,1.26,1xbet,ok,2026-10-01 11:08
7078356482,2026-08-05T23:15:00Z,league-of-legends-split-2,INTZ e-Sports,paiN Gaming Academy,1.565,2.327,1xbet,ok,2026-10-01 11:08
5117952481,2026-08-07T21:00:00Z,league-of-legends-split-2,Vivo Keyd Stars,Fluxo W7M,2.096,1.72,1xbet,ok,2026-10-01 11:08
7797892207,2026-08-07T23:40:00Z,league-of-legends-split-2,FURIA Esports,LOUD,1.72,2.096,1xbet,ok,2026-10-01 11:08
4396127385,2026-08-08T16:00:00Z,league-of-legends-split-2,RED Canids,paiN Gaming,2.08,1.72,1xbet,ok,2026-10-01 11:08
6725210879,2026-08-08T17:50:00Z,league-of-legends-split-2,LOS,Leviatan Esports,1.03,10.0,1xbet,ok,2026-10-01 11:08
7776254861,2026-08-09T16:00:00Z,league-of-legends-split-2,LOUD,Vivo Keyd Stars,1.59,2.275,1xbet,ok,2026-10-01 11:08
6688298200,2026-08-09T18:00:00Z,league-of-legends-split-2,Fluxo W7M,FURIA Esports,3.375,1.31,1xbet,ok,2026-10-01 11:08
4752317715,2026-08-10T21:00:00Z,league-of-legends-split-2,Leviatan Esports,RED Canids,6.5,1.1,1xbet,ok,2026-09-30 17:30
4331682689,2026-08-10T23:00:00Z,league-of-legends-split-2,LOS,paiN Gaming,1.12,5.25,1xbet,ok,2026-09-30 17:30
7657115113,2026-08-10T23:00:00Z,league-of-legends-split-2,Zeu5 Esports,3v Team,1.15,5.15,1xbet+GG.bet,ok,2026-09-30 17:30
5816823905,2026-08-11T20:00:00Z,league-of-legends-split-2,Team Solid,7REX,2.0,1.727,1xbet,ok,2026-09-30 17:30
4344267283,2026-08-11T22:00:00Z,league-of-legends-split-2,RMD Gaming,RED Academy,1.26,3.72,1xbet,ok,2026-09-30 17:30
7318721743,2026-08-11T23:00:00Z,league-of-legends-split-2,Kits Esports,SDM Tigres,1.909,2.08,1xbet+GG.bet,ok,2026-09-30 16:28
6117775595,2026-08-12T20:00:00Z,league-of-legends-split-2,Team Solid,RMD Gaming,1.553,2.356,1xbet,ok,2026-09-30 16:27
5127927021,2026-08-15T16:00:00Z,league-of-legends-split-2,FURIA Esports,RED Canids,1.125,5.5,1xbet,ok,2026-09-30 16:27
6853803947,2026-08-15T18:45:00Z,league-of-legends-split-2,Vivo Keyd Stars,LOS,4.0,1.22,1xbet,ok,2026-09-30 16:27
4830298896,2026-08-16T16:00:00Z,league-of-legends-split-2,LOUD,Leviatan Esports,1.056,8.22,1xbet,ok,2026-09-30 16:27
5839902157,2026-08-16T18:00:00Z,league-of-legends-split-2,paiN Gaming,Fluxo W7M,2.188,1.635,1xbet,ok,2026-09-30 16:27
5120354079,2026-08-17T20:00:00Z,league-of-legends-split-2,Estral Esports,RMD Gaming,10.5,1.025,1xbet,ok,2026-09-30 16:27
4003619138,2026-08-17T23:00:00Z,league-of-legends-split-2,paiN Gaming Academy,Ei Nerd Esports,1.454,2.627,1xbet,ok,2026-09-30 16:27
4785955958,2026-08-17T23:00:00Z,league-of-legends-split-2,3v Team,LYON Academy,1.11,5.98,1xbet,ok,2026-09-30 16:27
5720012070,2026-08-18T20:00:00Z,league-of-legends-split-2,INTZ e-Sports,7REX,1.14,5.01,GG.bet,ok,2026-09-30 16:27
7966895185,2026-08-18T22:00:00Z,league-of-legends-split-2,KaBuM! Ilha das Lendas,Vivo Keyd Stars Academy,1.727,2.0,1xbet,ok,2026-09-30 16:27
7885206788,2026-08-18T23:00:00Z,league-of-legends-split-2,Kits Esports,3v Team,2.384,1.56,1xbet+GG.bet,ok,2026-09-30 16:27
7216007619,2026-08-19T20:00:00Z,league-of-legends-split-2,Docta Esports,Maze Gaming,4.47,1.18,1xbet+GG.bet,ok,2026-09-30 16:27
4616332464,2026-08-22T16:00:00Z,league-of-legends-split-2,Leviatan Esports,Vivo Keyd Stars,7.0,1.1,1xbet+GG.bet,ok,2026-09-30 14:22
8082437051,2026-08-22T17:50:00Z,league-of-legends-split-2,paiN Gaming,FURIA Esports,3.72,1.32,1xbet+GG.bet,ok,2026-09-30 14:22
7380454129,2026-08-23T16:00:00Z,league-of-legends-split-2,RED Canids,Fluxo W7M,1.64,2.24,1xbet+GG.bet,ok,2026-09-30 14:22
4660736289,2026-08-23T17:45:00Z,league-of-legends-split-2,LOS,LOUD,1.43,2.754,1xbet+GG.bet,ok,2026-09-30 14:22
6894654580,2026-08-24T20:00:00Z,league-of-legends-split-2,Estral Esports,Ei Nerd Esports,1.03,10.5,1xbet+GG.bet,ok,2026-09-30 14:21
7706032788,2026-08-24T23:00:00Z,league-of-legends-split-2,Fuego,Zeu5 Esports,1.425,2.71,1xbet,ok,2026-09-30 14:21
5204400724,2026-08-24T23:00:00Z,league-of-legends-split-2,INTZ e-Sports,Vivo Keyd Stars Academy,2.8,1.37,GG.bet,ok,2026-09-30 16:27
4164939444,2026-08-25T20:00:00Z,league-of-legends-split-2,Golden Lions,9z Globant,2.754,1.41,1xbet+GG.bet,ok,2026-09-30 14:21
6483876283,2026-08-25T20:00:00Z,league-of-legends-split-2,RMD Gaming,paiN Gaming Academy,3.72,1.26,1xbet,ok,2026-09-30 14:21
4530103526,2026-08-26T20:00:00Z,league-of-legends-split-2,7REX,KaBuM! Ilha das Lendas,4.47,1.21,1xbet+GG.bet,ok,2026-09-30 14:21
8133170278,2026-08-29T16:00:00Z,league-of-legends-split-2,LOUD,RED Canids,1.26,4.54,1xbet+GG.bet,ok,2026-09-15 22:47
6511089127,2026-08-29T18:00:00Z,league-of-legends-split-2,Fluxo W7M,LOS,7.5,1.071,1xbet+GG.bet,ok,2026-09-15 22:47
5131204122,2026-08-30T16:00:00Z,league-of-legends-split-2,paiN Gaming,Vivo Keyd Stars,2.78,1.454,1xbet+GG.bet,ok,2026-09-15 22:47
5037936081,2026-08-30T19:00:00Z,league-of-legends-split-2,FURIA Esports,Leviatan Esports,1.03,10.0,1xbet+GG.bet,ok,2026-09-15 22:47
6873401736,2026-08-31T20:00:00Z,league-of-legends-split-2,INTZ e-Sports,RMD Gaming,1.26,3.72,1xbet,ok,2026-09-15 22:47
7061315292,2026-08-31T23:00:00Z,league-of-legends-split-2,Fuego,3v Team,1.04,10.0,1xbet+GG.bet,ok,2026-09-15 22:47
7858337913,2026-09-01T20:00:00Z,league-of-legends-split-2,Ei Nerd Esports,KaBuM! Ilha das Lendas,2.754,1.41,1xbet,ok,2026-09-15 22:47
6981095830,2026-09-01T20:00:00Z,league-of-legends-split-2,Golden Lions,Maze Gaming,1.51,2.498,1xbet,ok,2026-09-15 22:47
4675193889,2026-09-02T20:00:00Z,league-of-legends-split-2,Estral Esports,Vivo Keyd Stars Academy,1.04,10.0,1xbet+GG.bet,ok,2026-09-15 21:13
6721188771,2026-09-05T16:00:00Z,league-of-legends-split-2,Vivo Keyd Stars,paiN Gaming,1.47,2.627,1xbet+GG.bet,ok,2026-09-15 21:13
5109926691,2026-09-06T16:00:00Z,league-of-legends-split-2,FURIA Esports,RED Canids,1.111,6.86,1xbet+GG.bet,ok,2026-09-15 21:13
5778645626,2026-09-07T20:00:00Z,league-of-legends-split-2,INTZ e-Sports,KaBuM! Ilha das Lendas,2.51,1.553,1xbet+GG.bet,ok,2026-09-15 21:13
5370189860,2026-09-07T23:00:00Z,league-of-legends-split-2,Zeu5 Esports,Fuego,2.627,1.5,1xbet+GG.bet,ok,2026-09-15 21:13
7839961538,2026-09-08T20:00:00Z,league-of-legends-split-2,Vivo Keyd Stars Academy,KaBuM! Ilha das Lendas,1.84,1.833,1xbet+GG.bet,ok,2026-09-15 21:13
5273992763,2026-09-08T20:30:00Z,league-of-legends-split-2,9z Globant,Golden Lions,1.175,4.54,1xbet,ok,2026-09-30 16:27
6302029740,2026-09-12T16:00:00Z,league-of-legends-split-2,LOS,FURIA Esports,1.177,4.47,1xbet,ok,2026-09-30 16:27
4751229344,2026-09-13T16:00:00Z,league-of-legends-split-2,LOUD,paiN Gaming,1.2,5.0,1xbet+GG.bet,ok,2026-09-15 21:13
4789737656,2026-09-14T20:15:00Z,league-of-legends-split-2,Estral Esports,KaBuM! Ilha das Lendas,1.1,6.9,1xbet+GG.bet,ok,2026-09-15 21:13
7568643826,2026-09-11T09:00:00Z,league-of-legends-vcs-finals,SN CyberCore Esports,1TAP Dino,,,,none,2026-09-15 21:13
7857573124,2026-09-11T12:00:00Z,league-of-legends-vcs-finals,Saigon Warriors,9Gaming,,,,none,2026-09-15 21:13
4038531456,2026-09-12T09:00:00Z,league-of-legends-vcs-finals,MVK Academy,9Gaming,,,,none,2026-09-15 21:13
7399992939,2026-09-12T10:50:00Z,league-of-legends-vcs-finals,Saigon Warriors,SN CyberCore Esports,,,,none,2026-09-15 21:13
7586088202,2026-09-13T09:00:00Z,league-of-legends-vcs-finals,Saigon Warriors,1TAP Dino,,,,none,2026-09-15 21:13
4560580211,2026-09-13T12:00:00Z,league-of-legends-vcs-finals,MVK Academy,SN CyberCore Esports,,,,none,2026-09-15 21:13
7306979499,2026-07-21T16:00:00Z,league-of-legends-arabian-league-summer,One More Esports,3BL Esports,,,,none,2026-10-01 16:17
5659530091,2026-07-21T19:30:00Z,league-of-legends-arabian-league-summer,Pyramid IV Esports,Baam Esports,,,,none,2026-10-01 16:17
8292002058,2026-07-22T16:00:00Z,league-of-legends-arabian-league-summer,GnG Amazigh,One More Esports,,,,none,2026-10-01 16:17
8136429349,2026-07-22T18:30:00Z,league-of-legends-arabian-league-summer,3BL Esports,Anubis Gaming,,,,none,2026-10-01 16:17
7998614466,2026-07-23T16:00:00Z,league-of-legends-arabian-league-summer,Baam Esports,JSK Esports,,,,none,2026-10-01 15:16
7185501858,2026-07-23T18:30:00Z,league-of-legends-arabian-league-summer,Pyramid IV Esports,Disruptors,,,,none,2026-10-01 15:15
6238137776,2026-07-28T16:00:00Z,league-of-legends-arabian-league-summer,JSK Esports,3BL Esports,,,,none,2026-10-01 12:10
7410969058,2026-07-28T18:30:00Z,league-of-legends-arabian-league-summer,One More Esports,Pyramid IV Esports,,,,none,2026-10-01 12:10
5574922500,2026-07-29T16:00:00Z,league-of-legends-arabian-league-summer,Anubis Gaming,GnG Amazigh,,,,none,2026-10-01 12:10
4216509950,2026-07-29T18:30:00Z,league-of-legends-arabian-league-summer,Disruptors,Baam Esports,,,,none,2026-10-01 12:10
5880186619,2026-07-30T16:00:00Z,league-of-legends-arabian-league-summer,Disruptors,One More Esports,,,,none,2026-10-01 12:10
4800291105,2026-07-30T18:30:00Z,league-of-legends-arabian-league-summer,GnG Amazigh,JSK Esports,,,,none,2026-10-01 12:10
5367219927,2026-08-04T16:00:00Z,league-of-legends-arabian-league-summer,Pyramid IV Esports,Anubis Gaming,,,,none,2026-10-01 11:08
4305525106,2026-08-04T18:30:00Z,league-of-legends-arabian-league-summer,Baam Esports,3BL Esports,,,,none,2026-10-01 11:08
4483862892,2026-08-05T16:00:00Z,league-of-legends-arabian-league-summer,JSK Esports,Pyramid IV Esports,,,,none,2026-10-01 11:08
7347211616,2026-08-05T18:30:00Z,league-of-legends-arabian-league-summer,Anubis Gaming,Disruptors,,,,none,2026-10-01 11:08
4165741823,2026-08-06T16:00:00Z,league-of-legends-arabian-league-summer,One More Esports,Baam Esports,,,,none,2026-10-01 11:08
5370893393,2026-08-06T18:30:00Z,league-of-legends-arabian-league-summer,3BL Esports,GnG Amazigh,,,,none,2026-10-01 11:08
6378809963,2026-08-11T16:00:00Z,league-of-legends-arabian-league-summer,Pyramid IV Esports,3BL Esports,,,,none,2026-09-30 17:30
7127204204,2026-08-11T18:30:00Z,league-of-legends-arabian-league-summer,Baam Esports,GnG Amazigh,,,,none,2026-09-30 17:30
4450160863,2026-08-12T16:00:00Z,league-of-legends-arabian-league-summer,Disruptors,JSK Esports,,,,none,2026-09-30 16:28
4842544236,2026-08-19T16:00:00Z,league-of-legends-arabian-league-summer,Baam Esports,Pyramid IV Esports,,,,none,2026-09-30 16:27
6928879168,2026-08-19T18:30:00Z,league-of-legends-arabian-league-summer,GnG Amazigh,Disruptors,,,,none,2026-09-30 16:27
4512277190,2026-08-20T16:00:00Z,league-of-legends-arabian-league-summer,Pyramid IV Esports,Disruptors,,,,none,2026-09-30 14:22
5189387212,2026-08-25T16:00:00Z,league-of-legends-arabian-league-summer,Baam Esports,GnG Amazigh,,,,none,2026-09-30 14:21
4189618518,2026-08-26T16:00:00Z,league-of-legends-arabian-league-summer,GnG Amazigh,Pyramid IV Esports,,,,none,2026-09-30 14:21
6671321827,2026-09-13T16:00:00Z,league-of-legends-arabian-league-summer,Anubis Gaming,Pyramid IV Esports,,,,none,2026-09-15 22:47
4724587167,2026-09-13T18:30:00Z,league-of-legends-arabian-league-summer,JSK Esports,Baam Esports,,,,none,2026-09-15 22:47
6132387867,2026-09-14T16:00:00Z,league-of-legends-arabian-league-summer,Pyramid IV Esports,Baam Esports,,,,none,2026-09-15 22:47
5946288520,2026-09-15T16:00:00Z,league-of-legends-arabian-league-summer,Anubis Gaming,JSK Esports,,,,none,2026-09-15 22:47
6658984447,2026-09-07T16:00:00Z,league-of-legends-prime-league-1st-division-promotion,Eintracht Frankfurt,All for One Gaming,1.44,2.58,GG.bet,ok,2026-09-15 22:47
7230099969,2026-09-08T16:00:00Z,league-of-legends-prime-league-1st-division-promotion,VfB eSports,CGN Esports,5.1,1.14,GG.bet,ok,2026-09-15 22:47
6083987152,2026-09-13T08:30:00Z,league-of-legends-prime-league-1st-division-promotion,Eintracht Frankfurt,CGN Esports,,,,none,2026-09-15 22:47
5103643295,2026-09-15T16:00:00Z,league-of-legends-prime-league-1st-division-promotion,All for One Gaming,VfB eSports,,,,none,2026-09-15 22:47
6653191783,2026-07-14T17:00:00Z,league-of-legends-road-of-legends-summer,mCon esports,Dynasty,1.61,2.279,1xbet,ok,2026-10-01 16:18
8205874887,2026-07-16T17:00:00Z,league-of-legends-road-of-legends-summer,Frites Esports Club,The Bandits,1.09,6.87,1xbet,ok,2026-10-01 16:17
4752703516,2026-07-01T20:00:00Z,league-of-legends-split-2,Volticons,Docta Esports,1.62,2.26,1xbet,ok,2026-10-02 13:59
6817777494,2026-07-01T20:00:00Z,league-of-legends-split-2,Golden Lions,ZEN Esports,,,,none,2026-10-02 13:59
5793170304,2026-07-01T22:20:00Z,league-of-legends-split-2,Malvinas Gaming,Maze Gaming,,,,none,2026-10-02 13:59
7046741709,2026-07-01T23:00:00Z,league-of-legends-split-2,9z Globant,Seven Dark,,,,none,2026-10-02 13:59
8182578246,2026-07-02T20:00:00Z,league-of-legends-split-2,Seven Dark,Docta Esports,2.754,1.41,1xbet,ok,2026-10-02 13:59
8147154110,2026-07-02T20:00:00Z,league-of-legends-split-2,Malvinas Gaming,ZEN Esports,1.41,2.754,1xbet,ok,2026-10-02 13:59
8204707524,2026-07-02T23:00:00Z,league-of-legends-split-2,Volticons,Maze Gaming,1.177,4.47,1xbet,ok,2026-10-02 13:59
7212864017,2026-07-02T23:00:00Z,league-of-legends-split-2,9z Globant,Golden Lions,3.375,1.31,1xbet,ok,2026-10-02 13:59
4091258393,2026-07-03T20:00:00Z,league-of-legends-split-2,Volticons,Malvinas Gaming,1.31,3.375,1xbet,ok,2026-10-02 13:59
7203146021,2026-07-03T20:00:00Z,league-of-legends-split-2,9z Globant,Maze Gaming,,,,none,2026-10-02 13:59
6049134924,2026-07-03T23:00:00Z,league-of-legends-split-2,Golden Lions,Docta Esports,1.72,2.096,1xbet,ok,2026-10-02 13:59
4333532398,2026-07-03T23:00:00Z,league-of-legends-split-2,Seven Dark,ZEN Esports,1.51,2.498,1xbet,ok,2026-10-02 13:59
4220311669,2026-07-04T19:00:00Z,league-of-legends-split-2,3v Team,LYON Academy,1.41,2.754,1xbet,ok,2026-10-02 13:59
6404905080,2026-07-04T19:00:00Z,league-of-legends-split-2,Kits Esports,Fuego,7.5,1.071,1xbet,ok,2026-10-02 13:59
5779929891,2026-07-04T22:00:00Z,league-of-legends-split-2,Polar Squad Esports,Zeu5 Esports,6.98,1.08,1xbet,ok,2026-10-02 13:59
8144221258,2026-07-04T22:00:00Z,league-of-legends-split-2,NCG Esports,SDM Tigres,9.03,1.045,1xbet,ok,2026-10-02 13:59
7729981797,2026-07-05T19:00:00Z,league-of-legends-split-2,Polar Squad Esports,3v Team,3.96,1.232,1xbet,ok,2026-10-02 13:59
4847509591,2026-07-05T19:00:00Z,league-of-legends-split-2,Zeu5 Esports,Fuego,2.986,1.38,1xbet,ok,2026-10-02 13:59
5599047868,2026-07-05T22:00:00Z,league-of-legends-split-2,SDM Tigres,LYON Academy,1.31,3.375,1xbet,ok,2026-10-02 13:59
6491113383,2026-07-05T22:00:00Z,league-of-legends-split-2,Kits Esports,NCG Esports,2.092,1.687,1xbet,ok,2026-10-02 13:59
5929717992,2026-07-08T20:00:00Z,league-of-legends-split-2,9z Globant,Docta Esports,1.26,3.72,1xbet,ok,2026-10-02 13:59
7546981439,2026-07-08T20:00:00Z,league-of-legends-split-2,Seven Dark,Maze Gaming,3.72,1.26,1xbet,ok,2026-10-02 13:59
7576080998,2026-07-08T22:00:00Z,league-of-legends-split-2,Volticons,ZEN Esports,1.125,5.5,1xbet,ok,2026-10-02 13:59
5057590666,2026-07-08T23:00:00Z,league-of-legends-split-2,Malvinas Gaming,Golden Lions,3.375,1.31,1xbet,ok,2026-10-02 13:59
4810054748,2026-07-09T20:00:00Z,league-of-legends-split-2,Maze Gaming,ZEN Esports,1.31,3.375,1xbet,ok,2026-10-01 16:18
5977326338,2026-07-09T20:00:00Z,league-of-legends-split-2,9z Globant,Volticons,2.092,1.687,1xbet,ok,2026-10-01 16:18
5929293397,2026-07-09T23:00:00Z,league-of-legends-split-2,Malvinas Gaming,Docta Esports,2.754,1.41,1xbet,ok,2026-10-01 16:18
5439697249,2026-07-09T23:00:00Z,league-of-legends-split-2,Seven Dark,Golden Lions,5.0,1.143,1xbet,ok,2026-10-01 16:18
4213491388,2026-07-10T20:00:00Z,league-of-legends-split-2,Malvinas Gaming,Seven Dark,1.125,5.5,1xbet,ok,2026-10-01 16:18
5331841410,2026-07-10T20:00:00Z,league-of-legends-split-2,Volticons,Golden Lions,1.51,2.498,1xbet,ok,2026-10-01 16:18
5621173415,2026-07-10T23:00:00Z,league-of-legends-split-2,9z Globant,ZEN Esports,1.1,6.5,1xbet,ok,2026-10-01 16:18
5636238088,2026-07-10T23:00:00Z,league-of-legends-split-2,Maze Gaming,Docta Esports,1.31,3.375,1xbet,ok,2026-10-01 16:18
8053070312,2026-07-11T19:00:00Z,league-of-legends-split-2,3v Team,SDM Tigres,2.0,1.727,1xbet,ok,2026-10-01 16:18
5901894559,2026-07-11T19:00:00Z,league-of-legends-split-2,Polar Squad Esports,NCG Esports,3.375,1.31,1xbet,ok,2026-10-01 16:18
8073443024,2026-07-11T21:10:00Z,league-of-legends-split-2,LYON Academy,Fuego,,,,none,2026-10-01 16:18
7128819687,2026-07-11T22:00:00Z,league-of-legends-split-2,Kits Esports,Zeu5 Esports,4.47,1.177,1xbet,ok,2026-10-01 16:18
4491823121,2026-07-12T19:00:00Z,league-of-legends-split-2,NCG Esports,Zeu5 Esports,4.47,1.177,1xbet,ok,2026-10-01 16:18
4308347536,2026-07-12T19:00:00Z,league-of-legends-split-2,SDM Tigres,Fuego,7.5,1.071,1xbet,ok,2026-10-01 16:18
6316298333,2026-07-12T22:00:00Z,league-of-legends-split-2,Polar Squad Esports,LYON Academy,2.8,1.418,1xbet,ok,2026-10-01 16:18
4270576728,2026-07-12T22:00:00Z,league-of-legends-split-2,Kits Esports,3v Team,5.0,1.143,1xbet,ok,2026-10-01 16:18
7072171935,2026-07-13T23:00:00Z,league-of-legends-split-2,3v Team,Zeu5 Esports,2.469,1.53,1xbet,ok,2026-10-01 16:18
6014768218,2026-07-13T23:00:00Z,league-of-legends-split-2,Kits Esports,LYON Academy,2.24,1.591,1xbet,ok,2026-10-01 16:18
7894022873,2026-07-14T02:00:00Z,league-of-legends-split-2,Polar Squad Esports,SDM Tigres,7.5,1.071,1xbet,ok,2026-10-01 16:18
7146200861,2026-07-14T20:00:00Z,league-of-legends-split-2,Golden Lions,Maze Gaming,,,,none,2026-10-01 16:18
5206326297,2026-07-14T20:00:00Z,league-of-legends-split-2,ZEN Esports,Docta Esports,3.72,1.26,1xbet,ok,2026-10-01 16:18
5208402990,2026-07-14T22:00:00Z,league-of-legends-split-2,9z Globant,Malvinas Gaming,1.143,5.0,1xbet,ok,2026-10-01 16:18
5305467591,2026-07-14T23:00:00Z,league-of-legends-split-2,Volticons,Seven Dark,1.071,7.5,1xbet,ok,2026-10-01 16:18
6088885281,2026-09-29T00:50:00Z,league-of-legends-asian-games,Saudi Arabia,Vietnam,10.0,1.01,1xbet,ok,2026-09-30 12:17
5837490928,2026-09-29T00:50:00Z,league-of-legends-asian-games,United Arab Emirates,Malaysia,,,,none,2026-09-30 12:17
4994435300,2026-09-29T02:30:00Z,league-of-legends-asian-games,Saudi Arabia,United Arab Emirates,,,,none,2026-09-30 12:17
6138716944,2026-09-29T02:40:00Z,league-of-legends-asian-games,Vietnam,Malaysia,1.01,8.7,1xbet,ok,2026-09-30 12:17
7722209062,2026-09-29T05:00:00Z,league-of-legends-asian-games,Vietnam,United Arab Emirates,1.01,13.7,1xbet,ok,2026-09-30 12:17
6180810868,2026-09-29T05:00:00Z,league-of-legends-asian-games,Saudi Arabia,Malaysia,,,,none,2026-09-30 12:17
6074300081,2026-09-30T00:00:00Z,league-of-legends-asian-games,South Korea,Chinese Taipei,1.1,7.0,GG.bet,ok,2026-09-30 12:17
4599457897,2026-09-30T00:00:00Z,league-of-legends-asian-games,India,Hong Kong,,,,none,2026-09-30 12:17
7670297621,2026-09-30T02:30:00Z,league-of-legends-asian-games,India,South Korea,,,,none,2026-09-30 12:17
7335923520,2026-09-30T02:30:00Z,league-of-legends-asian-games,Hong Kong,Chinese Taipei,4.65,1.18,GG.bet,ok,2026-09-30 12:17
7316621875,2026-09-30T05:00:00Z,league-of-legends-asian-games,India,Chinese Taipei,,,,none,2026-09-30 12:17
7868379806,2026-09-30T05:00:00Z,league-of-legends-asian-games,Hong Kong,South Korea,13.7,1.01,1xbet+GG.bet,ok,2026-09-30 12:17
7696160421,2026-09-28T21:00:00Z,league-of-legends-cblol-promotion,KaBuM! Ilha das Lendas,Golden Lions,1.03,11.5,1xbet,ok,2026-09-30 12:17
6749432883,2026-09-29T21:00:00Z,league-of-legends-cblol-promotion,Estral Esports,9z Globant,1.01,11.5,GG.bet,ok,2026-09-30 12:17
5371075730,2026-09-21T15:00:00Z,league-of-legends-emea-masters-summer,SU Esports,Verdant,1.615,2.31,1xbet+GG.bet,ok,2026-09-30 13:20
4531876546,2026-09-21T15:00:00Z,league-of-legends-emea-masters-summer,Skillcamp Esport,Arctic Pandas,1.04,13.0,1xbet+GG.bet,ok,2026-09-30 13:20
6146585717,2026-09-21T15:00:00Z,league-of-legends-emea-masters-summer,Barça eSports,Bubliki,1.02,14.0,1xbet,ok,2026-09-30 13:20
4790846132,2026-09-21T15:00:00Z,league-of-legends-emea-masters-summer,Unicorns Of Love Sexy Edition,The Otter Side,1.04,16.0,1xbet+GG.bet,ok,2026-09-30 13:20
7404744796,2026-09-21T18:00:00Z,league-of-legends-emea-masters-summer,Pyramid IV Esports,Lodis,6.2,1.17,1xbet+GG.bet,ok,2026-09-30 13:20
4908121896,2026-09-21T18:00:00Z,league-of-legends-emea-masters-summer,UCAM Esports Club,mCon esports,1.025,13.0,1xbet,ok,2026-09-30 13:20
4492994874,2026-09-21T18:00:00Z,league-of-legends-emea-masters-summer,Gamespace Mediterranean College Esports,Only The Family,1.07,6.2,GG.bet,ok,2026-09-30 15:25
4199007383,2026-09-21T18:00:00Z,league-of-legends-emea-masters-summer,Team Aqua ASD,CITA Kaizen,5.35,1.15,1xbet,ok,2026-09-30 13:20
4107989234,2026-09-22T15:00:00Z,league-of-legends-emea-masters-summer,SU Esports,UCAM Esports Club,3.225,1.343,1xbet+GG.bet,ok,2026-09-30 13:20
4618272916,2026-09-22T15:00:00Z,league-of-legends-emea-masters-summer,Barça eSports,Gamespace Mediterranean College Esports,1.26,3.72,1xbet,ok,2026-09-30 13:20
4945591924,2026-09-22T15:00:00Z,league-of-legends-emea-masters-summer,Skillcamp Esport,Lodis,1.19,4.47,1xbet+GG.bet,ok,2026-09-30 13:20
6423172202,2026-09-22T15:00:00Z,league-of-legends-emea-masters-summer,Unicorns Of Love Sexy Edition,CITA Kaizen,,,,none,2026-09-30 13:20
7742972471,2026-09-22T18:00:00Z,league-of-legends-emea-masters-summer,The Otter Side,Team Aqua ASD,1.417,2.679,1xbet,ok,2026-09-30 13:20
6740390469,2026-09-22T18:00:00Z,league-of-legends-emea-masters-summer,Bubliki,Only The Family,1.591,2.24,1xbet,ok,2026-09-30 13:20
4705936112,2026-09-22T18:00:00Z,league-of-legends-emea-masters-summer,Verdant,mCon esports,1.05,8.5,1xbet,ok,2026-09-30 13:20
5804103047,2026-09-22T18:15:00Z,league-of-legends-emea-masters-summer,Arctic Pandas,Pyramid IV Esports,1.343,3.225,1xbet,ok,2026-09-30 13:20
8018936646,2026-09-23T17:00:00Z,league-of-legends-emea-masters-summer,CITA Kaizen,The Otter Side,2.35,1.53,1xbet,ok,2026-09-30 13:20
4725085708,2026-09-23T17:00:00Z,league-of-legends-emea-masters-summer,Skillcamp Esport,Pyramid IV Esports,1.07,10.5,1xbet+GG.bet,ok,2026-09-30 13:20
7275035358,2026-09-23T17:00:00Z,league-of-legends-emea-masters-summer,Gamespace Mediterranean College Esports,Only The Family,1.071,7.5,1xbet+GG.bet,ok,2026-09-30 13:20
7788640210,2026-09-23T17:00:00Z,league-of-legends-emea-masters-summer,SU Esports,Verdant,1.47,2.68,1xbet+GG.bet,ok,2026-09-30 13:20
6732208864,2026-09-26T16:00:00Z,league-of-legends-emea-masters-summer,Skillcamp Esport,Colossal Gaming,1.11,7.8,1xbet+GG.bet,ok,2026-09-30 13:19
6384328722,2026-09-26T16:00:00Z,league-of-legends-emea-masters-summer,Valerion,Lodis,1.81,2.07,1xbet+GG.bet,ok,2026-09-30 13:19
7499791078,2026-09-26T16:00:00Z,league-of-legends-emea-masters-summer,BIG,Frites Esports Club,1.09,7.8,1xbet+GG.bet,ok,2026-09-30 13:19
6802796972,2026-09-26T16:00:00Z,league-of-legends-emea-masters-summer,JSK Esports,Barça eSports,5.0,1.2,1xbet+GG.bet,ok,2026-09-30 13:19
4113093719,2026-09-26T17:00:00Z,league-of-legends-emea-masters-summer,TLN Pirates,MAGAZA,1.065,8.6,1xbet,ok,2026-09-30 15:25
4088452484,2026-09-26T17:00:00Z,league-of-legends-emea-masters-summer,Ruddy Corporation,Kaufland Hangry Knights,3.42,1.33,1xbet+GG.bet,ok,2026-09-30 13:19
5335839347,2026-09-26T17:00:00Z,league-of-legends-emea-masters-summer,UCAM Esports Club,HMBLE,1.1,7.0,1xbet,ok,2026-09-30 15:25
6478594219,2026-09-26T17:00:00Z,league-of-legends-emea-masters-summer,Senshi Esports,Bushido Wildcats,7.8,1.11,1xbet+GG.bet,ok,2026-09-30 13:19
5181888500,2026-09-26T18:00:00Z,league-of-legends-emea-masters-summer,Team Heretics Academy,eSuba,1.06,10.0,1xbet+GG.bet,ok,2026-09-30 13:19
7338524501,2026-09-26T18:00:00Z,league-of-legends-emea-masters-summer,Forsaken,G2 NORD,6.05,1.125,1xbet,ok,2026-09-30 13:19
5588778228,2026-09-26T18:00:00Z,league-of-legends-emea-masters-summer,Team Phantasma,SU Esports,3.52,1.31,1xbet+GG.bet,ok,2026-09-30 13:19
7853196020,2026-09-26T19:00:00Z,league-of-legends-emea-masters-summer,NightBirds,The Otter Side,1.15,5.02,1xbet,ok,2026-09-30 13:19
4055787905,2026-09-26T19:00:00Z,league-of-legends-emea-masters-summer,Anubis Gaming,The Secret Club,1.144,5.55,1xbet,ok,2026-09-30 15:25
6354627774,2026-09-26T19:00:00Z,league-of-legends-emea-masters-summer,BOMBA Team,Gamespace Mediterranean College Esports,1.31,3.42,1xbet,ok,2026-09-30 13:19
6308477502,2026-09-26T19:00:00Z,league-of-legends-emea-masters-summer,Unicorns Of Love Sexy Edition,PCIFIC,1.43,2.825,1xbet+GG.bet,ok,2026-09-30 13:19
5898152884,2026-09-27T16:00:00Z,league-of-legends-emea-masters-summer,Colossal Gaming,Ruddy Corporation,6.05,1.15,1xbet+GG.bet,ok,2026-09-30 12:17
4079646332,2026-09-27T16:00:00Z,league-of-legends-emea-masters-summer,G2 NORD,NightBirds,1.1,7.0,1xbet,ok,2026-09-30 12:17
4002995251,2026-09-27T16:00:00Z,league-of-legends-emea-masters-summer,Team Heretics Academy,Senshi Esports,1.11,9.3,1xbet+GG.bet,ok,2026-09-30 12:17
6568662652,2026-09-27T16:00:00Z,league-of-legends-emea-masters-summer,TLN Pirates,BOMBA Team,1.19,6.05,1xbet+GG.bet,ok,2026-09-30 12:17
4137556487,2026-09-27T17:00:00Z,league-of-legends-emea-masters-summer,Team Phantasma,Barça eSports,2.525,1.58,1xbet+GG.bet,ok,2026-09-30 12:17
7634542616,2026-09-27T17:00:00Z,league-of-legends-emea-masters-summer,Kaufland Hangry Knights,Skillcamp Esport,2.145,1.74,1xbet+GG.bet,ok,2026-09-30 12:17
7885907169,2026-09-27T17:00:00Z,league-of-legends-emea-masters-summer,JSK Esports,SU Esports,3.26,1.38,1xbet+GG.bet,ok,2026-09-30 12:17
6271950861,2026-09-27T17:00:00Z,league-of-legends-emea-masters-summer,Frites Esports Club,Lodis,1.96,1.9,1xbet+GG.bet,ok,2026-09-30 12:17
4715381183,2026-09-27T17:50:00Z,league-of-legends-emea-masters-summer,Karmine Corp Blue,UCAM Esports Club,,,,none,2026-09-30 12:17
7580050218,2026-09-27T18:00:00Z,league-of-legends-emea-masters-summer,BIG,Valerion,1.15,7.0,1xbet+GG.bet,ok,2026-09-30 12:17
7437663472,2026-09-27T18:00:00Z,league-of-legends-emea-masters-summer,Forsaken,The Otter Side,1.11,5.98,1xbet,ok,2026-09-30 12:17
6225175551,2026-09-27T18:00:00Z,league-of-legends-emea-masters-summer,PCIFIC,The Secret Club,1.1,7.0,1xbet,ok,2026-09-30 15:25
8041603491,2026-09-27T19:00:00Z,league-of-legends-emea-masters-summer,Bushido Wildcats,eSuba,1.18,6.46,1xbet+GG.bet,ok,2026-09-30 12:17
4527113995,2026-09-27T19:00:00Z,league-of-legends-emea-masters-summer,HMBLE,White Dragons,1.23,4.31,1xbet+GG.bet,ok,2026-09-30 12:17
4401283392,2026-09-27T19:00:00Z,league-of-legends-emea-masters-summer,Anubis Gaming,Unicorns Of Love Sexy Edition,1.51,2.46,GG.bet,ok,2026-09-30 15:25
7020984637,2026-09-27T19:00:00Z,league-of-legends-emea-masters-summer,MAGAZA,Gamespace Mediterranean College Esports,1.14,8.1,1xbet+GG.bet,ok,2026-09-30 12:17
6926687849,2026-09-28T16:00:00Z,league-of-legends-emea-masters-summer,G2 NORD,Frites Esports Club,1.17,5.0,1xbet+GG.bet,ok,2026-09-30 12:17
7820499350,2026-09-28T16:00:00Z,league-of-legends-emea-masters-summer,Anubis Gaming,Skillcamp Esport,2.99,1.4,1xbet+GG.bet,ok,2026-09-30 12:17
5322386130,2026-09-28T16:00:00Z,league-of-legends-emea-masters-summer,eSuba,Lodis,5.51,1.125,1xbet,ok,2026-09-30 12:17
5268990478,2026-09-28T16:00:00Z,league-of-legends-emea-masters-summer,PCIFIC,UCAM Esports Club,3.82,1.264,1xbet,ok,2026-09-30 12:17
5227856352,2026-09-28T17:00:00Z,league-of-legends-emea-masters-summer,Kaufland Hangry Knights,Senshi Esports,1.09,10.0,1xbet+GG.bet,ok,2026-09-30 12:17
7417416101,2026-09-28T17:00:00Z,league-of-legends-emea-masters-summer,TLN Pirates,JSK Esports,1.14,5.65,1xbet,ok,2026-09-30 15:25
7741778248,2026-09-28T17:00:00Z,league-of-legends-emea-masters-summer,Team Phantasma,The Otter Side,1.17,5.6,1xbet+GG.bet,ok,2026-09-30 12:17
5815512624,2026-09-28T17:15:00Z,league-of-legends-emea-masters-summer,BOMBA Team,SU Esports,3.9,1.23,GG.bet,ok,2026-09-30 15:25
6400900979,2026-09-28T18:00:00Z,league-of-legends-emea-masters-summer,BIG,MAGAZA,1.07,7.38,1xbet,ok,2026-09-30 15:25
4980310831,2026-09-28T18:00:00Z,league-of-legends-emea-masters-summer,Karmine Corp Blue,NightBirds,1.14,5.65,1xbet,ok,2026-09-30 15:25
7842985322,2026-09-28T18:00:00Z,league-of-legends-emea-masters-summer,Team Heretics Academy,Valerion,1.15,5.02,1xbet,ok,2026-09-30 15:25
5676258195,2026-09-28T18:00:00Z,league-of-legends-emea-masters-summer,Colossal Gaming,White Dragons,1.816,2.15,1xbet+GG.bet,ok,2026-09-30 12:17
5488392257,2026-09-28T19:00:00Z,league-of-legends-emea-masters-summer,HMBLE,Unicorns Of Love Sexy Edition,3.46,1.31,1xbet,ok,2026-09-30 12:17
4113272533,2026-09-28T19:00:00Z,league-of-legends-emea-masters-summer,Bushido Wildcats,Ruddy Corporation,2.58,1.47,GG.bet,ok,2026-09-30 15:25
7431468143,2026-09-28T19:00:00Z,league-of-legends-emea-masters-summer,Forsaken,Barça eSports,2.55,1.512,1xbet,ok,2026-09-30 12:17
8283271030,2026-09-28T19:00:00Z,league-of-legends-emea-masters-summer,The Secret Club,Gamespace Mediterranean College Esports,3.04,1.38,1xbet,ok,2026-09-30 15:25
5041385023,2026-09-29T15:00:00Z,league-of-legends-emea-masters-summer,Valerion,Skillcamp Esport,3.04,1.45,1xbet+GG.bet,ok,2026-09-30 12:17
5003599039,2026-09-29T15:00:00Z,league-of-legends-emea-masters-summer,MAGAZA,Barça eSports,3.52,1.3,1xbet,ok,2026-09-30 12:17
6188381087,2026-09-29T15:00:00Z,league-of-legends-emea-masters-summer,Colossal Gaming,SU Esports,4.44,1.22,1xbet+GG.bet,ok,2026-09-30 12:17
7369032129,2026-09-29T15:00:00Z,league-of-legends-emea-masters-summer,G2 NORD,Ruddy Corporation,1.25,4.44,1xbet+GG.bet,ok,2026-09-30 12:17
7373791431,2026-09-29T16:00:00Z,league-of-legends-emea-masters-summer,JSK Esports,Unicorns Of Love Sexy Edition,3.4,1.34,1xbet+GG.bet,ok,2026-09-30 12:17
7167401698,2026-09-29T16:00:00Z,league-of-legends-emea-masters-summer,BIG,BOMBA Team,1.23,5.0,1xbet+GG.bet,ok,2026-09-30 12:17
7848584205,2026-09-29T16:00:00Z,league-of-legends-emea-masters-summer,Frites Esports Club,Gamespace Mediterranean College Esports,1.33,3.12,GG.bet,ok,2026-09-30 15:25
4636825467,2026-09-29T16:15:00Z,league-of-legends-emea-masters-summer,PCIFIC,NightBirds,2.14,1.71,1xbet+GG.bet,ok,2026-09-30 12:17
4337684326,2026-09-29T17:00:00Z,league-of-legends-emea-masters-summer,Team Phantasma,Lodis,2.05,1.74,1xbet+GG.bet,ok,2026-09-30 12:17
7734595659,2026-09-29T17:00:00Z,league-of-legends-emea-masters-summer,HMBLE,Senshi Esports,1.125,5.51,1xbet,ok,2026-09-30 15:25
5527463275,2026-09-29T17:00:00Z,league-of-legends-emea-masters-summer,Kaufland Hangry Knights,The Otter Side,1.144,5.55,1xbet,ok,2026-09-30 15:25
6654573108,2026-09-29T17:00:00Z,league-of-legends-emea-masters-summer,Bushido Wildcats,UCAM Esports Club,2.47,1.59,1xbet+GG.bet,ok,2026-09-30 12:17
5891245120,2026-09-29T18:00:00Z,league-of-legends-emea-masters-summer,eSuba,White Dragons,1.87,1.94,1xbet+GG.bet,ok,2026-09-30 12:17
6328642071,2026-09-29T18:00:00Z,league-of-legends-emea-masters-summer,Forsaken,The Secret Club,1.192,4.31,1xbet,ok,2026-09-30 12:17
6909092951,2026-09-29T18:00:00Z,league-of-legends-emea-masters-summer,TLN Pirates,Anubis Gaming,1.36,3.38,1xbet+GG.bet,ok,2026-09-30 12:17
4037914514,2026-09-29T18:00:00Z,league-of-legends-emea-masters-summer,Team Heretics Academy,Karmine Corp Blue,2.53,1.52,1xbet+GG.bet,ok,2026-09-30 12:17
7160878912,2026-09-18T20:00:00Z,league-of-legends-lcs-summer,Shopify Rebellion,Sentinels,3.23,1.416,1xbet+GG.bet,ok,2026-09-30 14:21
7073661775,2026-09-19T20:00:00Z,league-of-legends-lcs-summer,LYON,Cloud9,1.17,4.8,GG.bet,ok,2026-09-30 16:27
4388761740,2026-09-20T20:00:00Z,league-of-legends-lcs-summer,Team Liquid,FlyQuest,1.264,4.2,1xbet+GG.bet,ok,2026-09-30 14:21
7945507198,2026-09-25T20:00:00Z,league-of-legends-lcs-summer,FlyQuest,Shopify Rebellion,3.88,1.3,1xbet+GG.bet,ok,2026-09-30 13:19
6035386123,2026-09-26T20:00:00Z,league-of-legends-lcs-summer,LYON,Shopify Rebellion,1.08,9.5,1xbet+GG.bet,ok,2026-09-30 13:19
5623871475,2026-09-27T20:00:00Z,league-of-legends-lcs-summer,Cloud9,Team Liquid,2.677,1.472,1xbet+GG.bet,ok,2026-09-30 12:17
4525199893,2026-09-19T16:00:00Z,league-of-legends-split-2,Vivo Keyd Stars,RED Canids,2.21,1.64,GG.bet,ok,2026-09-30 14:21
5508698187,2026-09-20T16:00:00Z,league-of-legends-split-2,paiN Gaming,RED Canids,1.833,1.97,1xbet+GG.bet,ok,2026-09-30 14:21
7889081766,2026-09-26T16:00:00Z,league-of-legends-split-2,FURIA Esports,RED Canids,5.17,1.15,1xbet+GG.bet,ok,2026-09-30 13:19
4187324977,2026-09-27T16:00:00Z,league-of-legends-split-2,LOUD,LOS,2.2,1.64,1xbet+GG.bet,ok,2026-09-30 12:17
6259825022,2026-09-19T09:00:00Z,league-of-legends-vcs-finals,MVK Academy,1TAP Dino,,,,none,2026-09-30 14:21
7051633984,2026-09-19T12:00:00Z,league-of-legends-vcs-finals,9Gaming,SN CyberCore Esports,,,,none,2026-09-30 14:21
5412099532,2026-09-20T09:00:00Z,league-of-legends-vcs-finals,MVK Academy,Saigon Warriors,,,,none,2026-09-30 14:21
5674037534,2026-09-20T12:00:00Z,league-of-legends-vcs-finals,9Gaming,1TAP Dino,,,,none,2026-09-30 14:21
5006177529,2026-09-24T09:00:00Z,league-of-legends-vcs-finals,Saigon Warriors,9Gaming,,,,none,2026-09-30 13:20
8162279428,2026-09-24T12:00:00Z,league-of-legends-vcs-finals,SN CyberCore Esports,MVK Academy,,,,none,2026-09-30 13:19
7462691472,2026-09-25T09:00:00Z,league-of-legends-vcs-finals,Saigon Warriors,MVK Academy,,,,none,2026-09-30 13:19
6038279219,2026-09-26T09:00:00Z,league-of-legends-vcs-finals,9Gaming,SN CyberCore Esports,2.71,1.489,1xbet+GG.bet,ok,2026-09-30 13:19
5912648456,2026-09-27T09:00:00Z,league-of-legends-vcs-finals,MVK Academy,SN CyberCore Esports,,,,none,2026-09-30 13:19
6919856810,2026-09-20T06:00:00Z,league-of-legends-world-star-challengers-invitational,EDward Gaming Youth Team,T1 Academy,7.0,1.1,1xbet+GG.bet,ok,2026-09-30 14:21
8098017840,2026-09-20T07:00:00Z,league-of-legends-world-star-challengers-invitational,Fuego,DN SOOPers Challengers,7.0,1.083,1xbet+GG.bet,ok,2026-09-30 14:21
6939647225,2026-09-20T08:15:00Z,league-of-legends-world-star-challengers-invitational,KT Rolster Challengers,Bilibili Gaming Junior,1.111,6.0,1xbet,ok,2026-09-30 16:27
6833530066,2026-09-20T09:15:00Z,league-of-legends-world-star-challengers-invitational,⁠Movistar KOI Fénix,CTBC Flying Oyster Academy,3.02,1.35,GG.bet,ok,2026-09-30 16:27
7589323383,2026-09-20T10:15:00Z,league-of-legends-world-star-challengers-invitational,DN SOOPers Challengers,T1 Academy,3.375,1.31,1xbet+GG.bet,ok,2026-09-30 14:21
7969267718,2026-09-20T11:15:00Z,league-of-legends-world-star-challengers-invitational,Fuego,EDward Gaming Youth Team,5.72,1.18,1xbet+GG.bet,ok,2026-09-30 14:21
4835514103,2026-09-20T12:15:00Z,league-of-legends-world-star-challengers-invitational,CTBC Flying Oyster Academy,Bilibili Gaming Junior,3.7,1.25,1xbet,ok,2026-09-30 14:21
5322876192,2026-09-20T12:45:00Z,league-of-legends-world-star-challengers-invitational,⁠Movistar KOI Fénix,KT Rolster Challengers,4.94,1.15,GG.bet,ok,2026-09-30 16:27
6310462791,2026-09-21T06:00:00Z,league-of-legends-world-star-challengers-invitational,Vivo Keyd Stars Academy,Dplus KIA Challengers,7.5,1.071,1xbet+GG.bet,ok,2026-09-30 14:21
4425029171,2026-09-21T07:00:00Z,league-of-legends-world-star-challengers-invitational,FENNEL,Cupid Esports,2.951,1.382,1xbet,ok,2026-09-30 16:27
5423666407,2026-09-21T08:00:00Z,league-of-legends-world-star-challengers-invitational,Galions,Saigon Warriors,1.31,3.375,1xbet,ok,2026-09-30 16:27
4545124289,2026-09-21T09:00:00Z,league-of-legends-world-star-challengers-invitational,Solary,ZSK,1.454,2.627,1xbet,ok,2026-09-30 16:27
7261347166,2026-09-21T10:00:00Z,league-of-legends-world-star-challengers-invitational,Cupid Esports,Dplus KIA Challengers,4.45,1.18,GG.bet,ok,2026-09-30 15:25
7069038382,2026-09-21T11:00:00Z,league-of-legends-world-star-challengers-invitational,FENNEL,Vivo Keyd Stars Academy,1.83,1.91,1xbet+GG.bet,ok,2026-09-30 13:20
7697252090,2026-09-21T12:00:00Z,league-of-legends-world-star-challengers-invitational,ZSK,Saigon Warriors,1.635,2.46,1xbet+GG.bet,ok,2026-09-30 13:20
8016667101,2026-09-21T13:00:00Z,league-of-legends-world-star-challengers-invitational,Solary,Galions,2.3,1.635,1xbet+GG.bet,ok,2026-09-30 13:20
4833682808,2026-09-22T06:00:00Z,league-of-legends-world-star-challengers-invitational,⁠Movistar KOI Fénix,Bilibili Gaming Junior,1.69,2.1,1xbet+GG.bet,ok,2026-09-30 13:20
4175008019,2026-09-22T07:00:00Z,league-of-legends-world-star-challengers-invitational,CTBC Flying Oyster Academy,KT Rolster Challengers,7.0,1.09,1xbet+GG.bet,ok,2026-09-30 13:20
4117092603,2026-09-22T08:00:00Z,league-of-legends-world-star-challengers-invitational,Fuego,T1 Academy,8.0,1.09,1xbet+GG.bet,ok,2026-09-30 13:20
7019800793,2026-09-22T09:00:00Z,league-of-legends-world-star-challengers-invitational,DN SOOPers Challengers,EDward Gaming Youth Team,1.1,8.62,1xbet+GG.bet,ok,2026-09-30 13:20
4336237643,2026-09-22T09:45:00Z,league-of-legends-world-star-challengers-invitational,KT Rolster Challengers,Bilibili Gaming Junior,1.34,3.09,1xbet,ok,2026-09-30 15:25
6890708144,2026-09-22T10:45:00Z,league-of-legends-world-star-challengers-invitational,⁠Movistar KOI Fénix,CTBC Flying Oyster Academy,1.04,8.93,GG.bet,ok,2026-09-30 15:25
7055899383,2026-09-22T11:20:00Z,league-of-legends-world-star-challengers-invitational,EDward Gaming Youth Team,T1 Academy,4.47,1.2,1xbet+GG.bet,ok,2026-09-30 13:20
7155858188,2026-09-22T12:15:00Z,league-of-legends-world-star-challengers-invitational,Fuego,DN SOOPers Challengers,9.39,1.04,1xbet+GG.bet,ok,2026-09-30 13:20
6359297009,2026-09-23T06:00:00Z,league-of-legends-world-star-challengers-invitational,Solary,Saigon Warriors,1.41,3.1,1xbet+GG.bet,ok,2026-09-30 13:20
7850446971,2026-09-23T07:00:00Z,league-of-legends-world-star-challengers-invitational,ZSK,Galions,3.72,1.3,1xbet+GG.bet,ok,2026-09-30 13:20
5496767277,2026-09-23T07:45:00Z,league-of-legends-world-star-challengers-invitational,FENNEL,Dplus KIA Challengers,10.0,1.05,1xbet+GG.bet,ok,2026-09-30 13:20
5787624512,2026-09-23T08:45:00Z,league-of-legends-world-star-challengers-invitational,Cupid Esports,Vivo Keyd Stars Academy,1.55,2.44,1xbet+GG.bet,ok,2026-09-30 13:20
5506784417,2026-09-23T09:45:00Z,league-of-legends-world-star-challengers-invitational,Galions,Saigon Warriors,1.18,4.47,GG.bet,ok,2026-09-30 15:25
8196644878,2026-09-23T10:45:00Z,league-of-legends-world-star-challengers-invitational,Solary,ZSK,1.25,3.85,1xbet+GG.bet,ok,2026-09-30 13:20
7779740237,2026-09-23T11:45:00Z,league-of-legends-world-star-challengers-invitational,Vivo Keyd Stars Academy,Dplus KIA Challengers,7.0,1.11,1xbet+GG.bet,ok,2026-09-30 13:20
5111404402,2026-09-23T12:45:00Z,league-of-legends-world-star-challengers-invitational,FENNEL,Cupid Esports,4.275,1.28,1xbet+GG.bet,ok,2026-09-30 13:20
6329498785,2026-09-24T06:00:00Z,league-of-legends-world-star-challengers-invitational,DN SOOPers Challengers,T1 Academy,3.96,1.232,1xbet+GG.bet,ok,2026-09-30 13:20
6858779986,2026-09-24T07:00:00Z,league-of-legends-world-star-challengers-invitational,Fuego,EDward Gaming Youth Team,3.47,1.4,1xbet+GG.bet,ok,2026-09-30 13:20
5040373335,2026-09-24T08:00:00Z,league-of-legends-world-star-challengers-invitational,CTBC Flying Oyster Academy,Bilibili Gaming Junior,3.27,1.36,1xbet+GG.bet,ok,2026-09-30 13:20
6321631132,2026-09-24T08:35:00Z,league-of-legends-world-star-challengers-invitational,⁠Movistar KOI Fénix,KT Rolster Challengers,2.284,1.56,1xbet+GG.bet,ok,2026-09-30 13:20
4006118439,2026-09-24T09:30:00Z,league-of-legends-world-star-challengers-invitational,Fuego,T1 Academy,7.0,1.083,1xbet+GG.bet,ok,2026-09-30 13:20
8278127394,2026-09-24T10:30:00Z,league-of-legends-world-star-challengers-invitational,DN SOOPers Challengers,EDward Gaming Youth Team,1.13,5.3,GG.bet,ok,2026-09-30 15:25
6984662456,2026-09-24T11:00:00Z,league-of-legends-world-star-challengers-invitational,⁠Movistar KOI Fénix,Bilibili Gaming Junior,1.42,2.754,1xbet+GG.bet,ok,2026-09-30 13:20
4536347294,2026-09-24T12:00:00Z,league-of-legends-world-star-challengers-invitational,CTBC Flying Oyster Academy,KT Rolster Challengers,8.0,1.062,1xbet+GG.bet,ok,2026-09-30 13:20
8101261543,2026-09-25T06:00:00Z,league-of-legends-world-star-challengers-invitational,Cupid Esports,Dplus KIA Challengers,5.0,1.17,1xbet+GG.bet,ok,2026-09-30 13:19
5256594333,2026-09-25T07:15:00Z,league-of-legends-world-star-challengers-invitational,FENNEL,Vivo Keyd Stars Academy,3.47,1.296,1xbet+GG.bet,ok,2026-09-30 13:19
5954994417,2026-09-25T08:15:00Z,league-of-legends-world-star-challengers-invitational,Solary,Galions,2.22,1.7,1xbet+GG.bet,ok,2026-09-30 13:19
5594692971,2026-09-25T09:00:00Z,league-of-legends-world-star-challengers-invitational,FENNEL,Dplus KIA Challengers,11.0,1.04,1xbet+GG.bet,ok,2026-09-30 13:19
8188517474,2026-09-25T10:00:00Z,league-of-legends-world-star-challengers-invitational,Cupid Esports,Vivo Keyd Stars Academy,1.43,2.96,1xbet+GG.bet,ok,2026-09-30 13:19
5561174013,2026-09-25T11:00:00Z,league-of-legends-world-star-challengers-invitational,ZSK,Galions,4.77,1.26,1xbet+GG.bet,ok,2026-09-30 13:19
5648526738,2026-09-27T06:00:00Z,league-of-legends-world-star-challengers-invitational,Solary,⁠Movistar KOI Fénix,1.352,3.47,1xbet+GG.bet,ok,2026-09-30 13:19
4022406520,2026-09-27T09:00:00Z,league-of-legends-world-star-challengers-invitational,Dplus KIA Challengers,DN SOOPers Challengers,1.28,3.67,1xbet+GG.bet,ok,2026-09-30 13:19
4948513144,2026-09-28T06:00:00Z,league-of-legends-world-star-challengers-invitational,T1 Academy,Cupid Esports,1.06,9.7,1xbet+GG.bet,ok,2026-09-30 12:17
8015664541,2026-09-28T09:30:00Z,league-of-legends-world-star-challengers-invitational,KT Rolster Challengers,Galions,1.61,2.32,1xbet+GG.bet,ok,2026-09-30 12:17
4655248186,2026-09-30T06:00:00Z,league-of-legends-world-star-challengers-invitational,Solary,DN SOOPers Challengers,1.45,3.03,1xbet+GG.bet,ok,2026-09-30 12:17
5953463602,2026-08-27T16:00:00Z,league-of-legends-lfl-summer,Karmine Corp Blue,Skillcamp Esport,1.38,3.44,1xbet+GG.bet,ok,2026-09-30 16:27
7244218271,2026-09-06T10:00:00Z,league-of-legends-nexus-league-summer,Karmine Corp Blue Stars,Project Conquerors,,,,none,2026-09-30 16:27
4811633723,2026-09-02T16:00:00Z,league-of-legends-lfl-summer,Galions,TLN Pirates,1.06,8.35,1xbet+GG.bet,ok,2026-09-30 16:27
7220012105,2026-08-26T16:00:00Z,league-of-legends-lfl-summer,TLN Pirates,Galions,5.0,1.143,1xbet,ok,2026-09-30 16:27
6417833743,2026-08-18T16:00:00Z,league-of-legends-lfl-summer,Solary,TLN Pirates,1.17,5.5,1xbet+GG.bet,ok,2026-09-30 16:27
4127112791,2026-09-01T15:00:00Z,league-of-legends-tcl-summer,PCIFIC,Dark Passage,1.26,3.72,1xbet,ok,2026-09-30 16:27
6744795844,2026-08-30T08:00:00Z,league-of-legends-split-3,Team Secret Whales,CTBC Flying Oyster,1.16,4.8,GG.bet,ok,2026-09-30 16:27
4175148348,2026-08-20T09:00:00Z,league-of-legends-split-3,CTBC Flying Oyster,MVK Esports,1.59,2.356,1xbet+GG.bet,ok,2026-09-30 16:27
6341343661,2026-08-20T18:00:00Z,league-of-legends-lfl-summer,Solary,Skillcamp Esport,1.13,5.5,1xbet+GG.bet,ok,2026-09-30 16:27
7871639933,2026-08-13T16:00:00Z,league-of-legends-lfl-summer,Skillcamp Esport,Karmine Corp Blue,2.98,1.454,1xbet+GG.bet,ok,2026-09-30 16:27
5627445354,2026-08-26T15:00:00Z,league-of-legends-tcl-summer,PCIFIC,Team Phoenix,1.083,8.3,1xbet+GG.bet,ok,2026-09-30 16:27
5436501403,2026-08-18T15:00:00Z,league-of-legends-tcl-summer,Bushido Wildcats,Team Phoenix,1.02,15.0,1xbet+GG.bet,ok,2026-09-30 16:27
6706763407,2026-08-25T16:00:00Z,league-of-legends-hll-summer,WLGaming Esports,The ParadOx Invaders,1.13,5.62,1xbet,ok,2026-09-30 16:27
5069710117,2026-08-20T16:00:00Z,league-of-legends-lfl-summer,Karmine Corp Blue,Ici Japon Corp. Esport,1.51,2.754,1xbet+GG.bet,ok,2026-09-30 16:27
5552689208,2026-08-18T18:00:00Z,league-of-legends-lfl-summer,Galions,Karmine Corp Blue,1.37,3.375,1xbet+GG.bet,ok,2026-09-30 16:27
5068771277,2026-08-15T13:00:00Z,league-of-legends-nexus-league-summer,Caldya Esport,Karmine Corp Blue Stars,,,,none,2026-09-30 16:27
8084644538,2026-08-06T16:55:00Z,league-of-legends-lfl-summer,Karmine Corp Blue,Skillcamp Esport,1.45,2.635,1xbet,ok,2026-10-01 11:08
6328218270,2026-08-12T16:40:00Z,league-of-legends-tcl-summer,Bushido Wildcats,Dark Passage,,,,none,2026-09-30 16:28
6286791208,2026-08-18T15:00:00Z,league-of-legends-les-summer,⁠Movistar KOI Fénix,Barça eSports,1.14,6.0,1xbet+GG.bet,ok,2026-09-30 16:27
5713497852,2026-08-04T15:00:00Z,league-of-legends-les-summer,UB Alma Mater,⁠Movistar KOI Fénix,,,,none,2026-10-01 11:08
7708155207,2026-08-02T12:00:00Z,league-of-legends-nexus-league-summer,Karmine Corp Blue Stars,Galions Sharks,,,,none,2026-10-01 12:10
5460489808,2026-08-15T10:00:00Z,league-of-legends-nexus-league-summer,Zephyr Esport,Galions Sharks,,,,none,2026-09-30 16:27
4227403043,2026-08-12T18:00:00Z,league-of-legends-lfl-summer,Galions,Joblife,1.24,3.96,1xbet+GG.bet,ok,2026-09-30 16:27
6572003234,2026-08-08T10:50:00Z,league-of-legends-nexus-league-summer,Galions Sharks,Lausanne-Sport Esports,,,,none,2026-10-01 11:08
7305677550,2026-08-05T16:00:00Z,league-of-legends-lfl-summer,TLN Pirates,Galions,3.375,1.31,1xbet+GG.bet,ok,2026-10-01 11:08
6321052435,2026-08-04T17:00:00Z,league-of-legends-lfl-summer,Galions,Esprit Shōnen,1.08,8.24,1xbet+GG.bet,ok,2026-10-01 11:08
6365116561,2026-08-13T18:15:00Z,league-of-legends-lfl-summer,Solary,Vitality.Bee,1.15,5.0,1xbet+GG.bet,ok,2026-09-30 16:27
6104115121,2026-07-30T17:00:00Z,league-of-legends-lfl-summer,Solary,Vitality.Bee,1.343,3.66,1xbet+GG.bet,ok,2026-10-01 12:10
7125359145,2026-08-13T15:00:00Z,league-of-legends-prime-league-1st-division-summer,E WIE EINFACH E-SPORTS,ROSSMANN Centaurs,2.44,1.52,GG.bet,ok,2026-09-30 16:27
5252490933,2026-08-13T15:00:00Z,league-of-legends-les-summer,FALKE Esports,GIANTX iTero,6.57,1.14,1xbet+GG.bet,ok,2026-09-30 16:27
7426327735,2026-08-04T16:45:00Z,league-of-legends-les-summer,UCAM Esports Club,GIANTX iTero,1.04,10.0,1xbet+GG.bet,ok,2026-10-01 11:08
5846763845,2026-07-29T19:00:00Z,league-of-legends-lfl-summer,Karmine Corp Blue,Joblife,2.0,1.86,1xbet+GG.bet,ok,2026-10-01 12:10
4734923946,2026-08-12T16:55:00Z,league-of-legends-les-summer,UCAM Esports Club,LUA Gaming,1.03,11.0,1xbet+GG.bet,ok,2026-09-30 16:28
4398044139,2026-07-28T15:00:00Z,league-of-legends-les-summer,UB Alma Mater,UCAM Esports Club,10.2,1.03,GG.bet,ok,2026-10-01 12:11
5428782056,2026-08-12T16:00:00Z,league-of-legends-ebl-summer,SPIKE Syndicate,The Secret Club,,,,none,2026-09-30 16:28
7299812454,2026-08-11T17:00:00Z,league-of-legends-prime-league-1st-division-summer,VfB eSports,TeamOrangeGaming,1.06,8.06,GG.bet,ok,2026-09-30 17:30
5794840778,2026-08-11T15:00:00Z,league-of-legends-prime-league-1st-division-summer,Kaufland Hangry Knights,G2 NORD,1.11,5.77,GG.bet,ok,2026-09-30 17:30
4622143539,2026-08-08T14:00:00Z,league-of-legends-nexus-league-summer,Caldya Esport,Crystal Rose,,,,none,2026-10-01 11:08
7721488998,2026-08-01T11:00:00Z,league-of-legends-nexus-league-summer,Project Conquerors,Crystal Rose,,,,none,2026-10-01 12:10
5681310655,2026-07-26T12:00:00Z,league-of-legends-nexus-league-summer,Crystal Rose,Karmine Corp Blue Stars,,,,none,2026-10-01 12:11
6797162828,2026-07-25T11:00:00Z,league-of-legends-nexus-league-summer,Project Conquerors,Lausanne-Sport Esports,,,,none,2026-10-01 15:15
6702085892,2026-08-07T09:00:00Z,league-of-legends-split-3,DetonatioN FocusMe,GAM Esports,7.0,1.12,1xbet+GG.bet,ok,2026-10-01 11:08
6429621595,2026-08-01T09:00:00Z,league-of-legends-split-3,Deep Cross Gaming,DetonatioN FocusMe,1.11,7.5,1xbet+GG.bet,ok,2026-10-01 12:10
4229247627,2026-07-30T09:00:00Z,league-of-legends-split-3,Fukuoka SoftBank Hawks Gaming,DetonatioN FocusMe,1.13,7.9,1xbet+GG.bet,ok,2026-10-01 12:10
7589964077,2026-07-26T09:00:00Z,league-of-legends-split-3,DetonatioN FocusMe,GAM Esports,7.5,1.13,1xbet+GG.bet,ok,2026-10-01 12:11
5326493458,2026-08-06T15:00:00Z,league-of-legends-les-summer,Team Heretics Academy,UB Alma Mater,1.04,15.0,1xbet+GG.bet,ok,2026-10-01 11:08
4236783304,2026-07-30T17:05:00Z,league-of-legends-les-summer,Team Heretics Academy,FALKE Esports,1.03,9.99,GG.bet,ok,2026-10-01 12:10
4884107543,2026-07-29T15:00:00Z,league-of-legends-les-summer,LUA Gaming,Team Heretics Academy,10.5,1.03,1xbet+GG.bet,ok,2026-10-01 12:10
6223642506,2026-07-23T17:30:00Z,league-of-legends-les-summer,GIANTX iTero,Team Heretics Academy,7.48,1.09,1xbet+GG.bet,ok,2026-10-01 15:15
7167957675,2026-08-06T15:00:00Z,league-of-legends-prime-league-1st-division-summer,G2 NORD,Unicorns Of Love Sexy Edition,1.295,3.67,1xbet+GG.bet,ok,2026-10-01 11:08
5795596077,2026-08-04T17:00:00Z,league-of-legends-prime-league-1st-division-summer,VfB eSports,Unicorns Of Love Sexy Edition,11.31,1.03,1xbet+GG.bet,ok,2026-10-01 11:08
7127227192,2026-08-06T17:30:00Z,league-of-legends-les-summer,FALKE Esports,Barça eSports,11.0,1.07,1xbet+GG.bet,ok,2026-10-01 11:08
5490034661,2026-07-29T17:30:00Z,league-of-legends-les-summer,⁠Movistar KOI Fénix,FALKE Esports,1.06,7.84,GG.bet,ok,2026-10-01 12:10
5390899195,2026-08-06T16:00:00Z,league-of-legends-ebl-summer,The Secret Club,Lupus Esports,,,,none,2026-10-01 11:08
6479351495,2026-08-02T09:00:00Z,league-of-legends-split-3,Team Secret Whales,CTBC Flying Oyster,1.177,4.47,1xbet,ok,2026-10-01 12:10
6090391828,2026-07-31T09:00:00Z,league-of-legends-split-3,Team Secret Whales,MVK Esports,1.19,5.0,1xbet+GG.bet,ok,2026-10-01 12:10
7793713473,2026-07-25T11:05:00Z,league-of-legends-split-3,Fukuoka SoftBank Hawks Gaming,Team Secret Whales,4.2,1.26,1xbet+GG.bet,ok,2026-10-01 15:15
5273355981,2026-08-05T15:00:00Z,league-of-legends-prime-league-1st-division-summer,Eintracht Frankfurt,E WIE EINFACH E-SPORTS,5.82,1.11,GG.bet,ok,2026-10-01 11:08
5889540495,2026-07-21T15:00:00Z,league-of-legends-prime-league-1st-division-summer,Eintracht Frankfurt,Eintracht Spandau,5.0,1.143,1xbet,ok,2026-10-01 16:17
7685662818,2026-08-04T13:00:00Z,league-of-legends-hll-summer,The ParadOx Invaders,Team Phantasma,,,,none,2026-10-01 11:08
5956699082,2026-07-27T13:00:00Z,league-of-legends-hll-summer,Team Phantasma,ALMO Players,,,,none,2026-10-01 12:11
7601988355,2026-07-26T10:00:00Z,league-of-legends-nexus-league-summer,Zephyr Esport,Project Conquerors,,,,none,2026-10-01 12:11
7795163646,2026-07-31T11:00:00Z,league-of-legends-split-3,CTBC Flying Oyster,GAM Esports,,,,none,2026-10-01 12:10
4269933440,2026-07-30T14:30:00Z,league-of-legends-tcl-summer,PCIFIC,BoostGate Esports,1.05,10.5,1xbet+GG.bet,ok,2026-10-01 12:10
6760925293,2026-07-30T16:00:00Z,league-of-legends-lfl-summer,Karmine Corp Blue,Ici Japon Corp. Esport,1.42,2.754,1xbet+GG.bet,ok,2026-10-01 12:10
4536334611,2026-07-28T18:00:00Z,league-of-legends-lfl-summer,Karmine Corp Blue,Galions,2.875,1.46,1xbet+GG.bet,ok,2026-10-01 12:10
6713309902,2026-07-25T13:30:00Z,league-of-legends-nexus-league-summer,Karmine Corp Blue Stars,Zephyr Esport,,,,none,2026-10-01 15:15
4497090086,2026-07-22T20:00:00Z,league-of-legends-lfl-summer,Karmine Corp Blue,Esprit Shōnen,1.21,4.88,1xbet+GG.bet,ok,2026-10-01 16:17
4555084092,2026-07-21T17:50:00Z,league-of-legends-lfl-summer,Karmine Corp Blue,ZYB Esport,1.51,2.498,1xbet,ok,2026-10-01 16:17
6799419799,2026-07-19T12:00:00Z,league-of-legends-nexus-league-summer,Lausanne-Sport Esports,Karmine Corp Blue Stars,,,,none,2026-10-01 16:17
7848676630,2026-07-18T13:00:00Z,league-of-legends-nexus-league-summer,Karmine Corp Blue Stars,Lille Esport,,,,none,2026-10-01 16:17
5961205929,2026-07-18T11:00:00Z,league-of-legends-esports-world-cup,T1,Karmine Corp,1.195,5.02,1xbet+GG.bet,ok,2026-10-01 16:17
7293517082,2026-07-30T19:00:00Z,league-of-legends-lfl-summer,ZYB Esport,Galions,3.72,1.26,1xbet,ok,2026-10-01 12:10
8185901856,2026-07-29T20:00:00Z,league-of-legends-lfl-summer,Galions,Skillcamp Esport,1.25,4.275,1xbet+GG.bet,ok,2026-10-01 12:10
6185285676,2026-07-23T18:00:00Z,league-of-legends-lfl-summer,Galions,Vitality.Bee,1.04,9.25,GG.bet,ok,2026-10-01 15:15
7462301310,2026-07-22T18:00:00Z,league-of-legends-lfl-summer,Galions,Ici Japon Corp. Esport,1.55,2.627,1xbet+GG.bet,ok,2026-10-01 16:17
4484540254,2026-07-21T18:50:00Z,league-of-legends-lfl-summer,Galions,Joblife,1.45,2.754,1xbet+GG.bet,ok,2026-10-01 16:17
4893591388,2026-08-04T19:15:00Z,league-of-legends-lfl-summer,TLN Pirates,Solary,3.74,1.26,1xbet+GG.bet,ok,2026-10-01 11:08
7776983630,2026-07-30T19:45:00Z,league-of-legends-lfl-summer,TLN Pirates,Esprit Shōnen,1.41,2.754,1xbet,ok,2026-10-01 12:10
7803500668,2026-07-21T20:00:00Z,league-of-legends-lfl-summer,Solary,Skillcamp Esport,1.177,5.07,1xbet+GG.bet,ok,2026-10-01 16:17
4254521216,2026-07-29T18:00:00Z,league-of-legends-lfl-summer,Solary,Esprit Shōnen,1.05,8.37,GG.bet,ok,2026-10-01 12:10
6718662178,2026-07-28T20:00:00Z,league-of-legends-lfl-summer,Solary,Ici Japon Corp. Esport,1.195,4.37,1xbet+GG.bet,ok,2026-10-01 12:10
7548898848,2026-07-23T19:00:00Z,league-of-legends-lfl-summer,Solary,ZYB Esport,1.296,3.85,1xbet+GG.bet,ok,2026-10-01 15:15
6068266757,2026-07-22T19:00:00Z,league-of-legends-lfl-summer,Solary,Joblife,1.33,3.96,1xbet+GG.bet,ok,2026-10-01 16:17
6380204007,2026-07-29T15:00:00Z,league-of-legends-prime-league-1st-division-summer,VfB eSports,G2 NORD,10.0,1.07,1xbet+GG.bet,ok,2026-10-01 12:10
4761485327,2026-07-22T15:00:00Z,league-of-legends-prime-league-1st-division-summer,TeamOrangeGaming,G2 NORD,5.02,1.21,1xbet+GG.bet,ok,2026-10-01 16:17
7750559571,2026-07-23T15:00:00Z,league-of-legends-les-summer,⁠Movistar KOI Fénix,LUA Gaming,1.03,10.5,1xbet+GG.bet,ok,2026-10-01 16:17
5203658083,2026-07-21T17:00:00Z,league-of-legends-les-summer,GIANTX iTero,⁠Movistar KOI Fénix,5.62,1.15,1xbet+GG.bet,ok,2026-10-01 16:17
7055454201,2026-07-21T15:00:00Z,league-of-legends-les-summer,LUA Gaming,UB Alma Mater,1.11,6.5,1xbet+GG.bet,ok,2026-10-01 16:17
5730844465,2026-07-23T17:00:00Z,league-of-legends-prime-league-1st-division-summer,ROSSMANN Centaurs,E WIE EINFACH E-SPORTS,3.375,1.31,1xbet,ok,2026-10-01 15:15
4402874119,2026-07-17T19:25:00Z,league-of-legends-prime-league-1st-division-summer,ROSSMANN Centaurs,Unicorns Of Love Sexy Edition,2.73,1.496,1xbet+GG.bet,ok,2026-10-01 16:17
6174130142,2026-07-17T18:25:00Z,league-of-legends-prime-league-1st-division-summer,VfB eSports,E WIE EINFACH E-SPORTS,4.07,1.295,1xbet+GG.bet,ok,2026-10-01 16:17
6343960296,2026-08-12T15:00:00Z,league-of-legends-les-summer,Barça eSports,UB Alma Mater,1.07,7.75,1xbet+GG.bet,ok,2026-10-01 11:07
4176416471,2026-10-01T00:00:00Z,league-of-legends-asian-games,Vietnam,Chinese Taipei,2.44,1.51,GG.bet,ok,2026-10-01 11:07
4041090095,2026-10-01T04:30:00Z,league-of-legends-asian-games,South Korea,Saudi Arabia,,,,none,2026-10-01 11:07
4046785771,2026-07-17T13:30:00Z,league-of-legends-esports-world-cup,Bilibili Gaming,Dplus KIA,1.206,5.57,1xbet+GG.bet,ok,2026-10-01 16:17
4822403817,2026-07-15T10:40:00Z,league-of-legends-esports-world-cup,Bilibili Gaming,Movistar KOI,1.14,6.17,1xbet+GG.bet,ok,2026-10-01 16:18
7333493483,2026-07-16T18:00:00Z,league-of-legends-prime-league-1st-division-summer,Eintracht Frankfurt,Eintracht Spandau,2.859,1.42,1xbet+GG.bet,ok,2026-10-01 16:17
7343858917,2026-07-13T18:00:00Z,league-of-legends-prime-league-1st-division-summer,Eintracht Frankfurt,E WIE EINFACH E-SPORTS,4.51,1.18,GG.bet,ok,2026-10-01 16:18
5865152192,2026-07-08T18:00:00Z,league-of-legends-prime-league-1st-division-summer,VfB eSports,Eintracht Spandau,3.47,1.296,1xbet,ok,2026-10-02 13:59
7654901068,2026-07-07T17:00:00Z,league-of-legends-prime-league-1st-division-summer,G2 NORD,Eintracht Frankfurt,1.29,3.72,1xbet+GG.bet,ok,2026-10-02 13:59
6209127822,2026-07-01T17:15:00Z,league-of-legends-prime-league-1st-division-summer,Eintracht Spandau,ROSSMANN Centaurs,1.21,5.0,1xbet+GG.bet,ok,2026-10-02 14:00
6896244700,2026-07-01T15:00:00Z,league-of-legends-prime-league-1st-division-summer,Eintracht Frankfurt,TeamOrangeGaming,3.21,1.32,GG.bet,ok,2026-10-02 14:00
7304800515,2026-07-16T15:00:00Z,league-of-legends-prime-league-1st-division-summer,Kaufland Hangry Knights,ROSSMANN Centaurs,1.48,2.52,GG.bet,ok,2026-10-01 16:17
7528795851,2026-07-13T17:00:00Z,league-of-legends-prime-league-1st-division-summer,ROSSMANN Centaurs,TeamOrangeGaming,2.43,1.687,1xbet+GG.bet,ok,2026-10-01 16:18
4785658929,2026-07-08T15:00:00Z,league-of-legends-prime-league-1st-division-summer,ROSSMANN Centaurs,E WIE EINFACH E-SPORTS,3.02,1.35,GG.bet,ok,2026-10-02 13:59
4988008146,2026-07-16T15:00:00Z,league-of-legends-les-summer,FALKE Esports,UCAM Esports Club,10.4,1.03,GG.bet,ok,2026-10-01 16:18
4268171714,2026-07-16T09:00:00Z,league-of-legends-esports-world-cup,Sentinels,Gen.G,11.0,1.06,1xbet+GG.bet,ok,2026-10-01 16:18
7507580556,2026-07-16T10:10:00Z,league-of-legends-esports-world-cup,Hanwha Life Esports,JD Gaming,1.37,3.565,1xbet+GG.bet,ok,2026-10-01 16:18
4714924286,2026-07-15T13:00:00Z,league-of-legends-esports-world-cup,LYON,JD Gaming,2.07,1.75,1xbet+GG.bet,ok,2026-10-01 16:18
4646726995,2026-07-15T15:00:00Z,league-of-legends-les-summer,UB Alma Mater,GIANTX iTero,6.9,1.08,GG.bet,ok,2026-10-01 16:18
4184243200,2026-07-08T16:00:00Z,league-of-legends-prime-league-1st-division-summer,G2 NORD,Unicorns Of Love Sexy Edition,1.31,3.375,1xbet,ok,2026-10-02 13:59
7213693922,2026-07-01T18:15:00Z,league-of-legends-prime-league-1st-division-summer,VfB eSports,Unicorns Of Love Sexy Edition,3.47,1.38,1xbet+GG.bet,ok,2026-10-02 14:00
7820125572,2026-07-07T19:00:00Z,league-of-legends-prime-league-1st-division-summer,G2 NORD,Kaufland Hangry Knights,1.25,3.7,GG.bet,ok,2026-10-02 13:59
7770232460,2026-07-02T16:00:00Z,league-of-legends-prime-league-1st-division-summer,Kaufland Hangry Knights,E WIE EINFACH E-SPORTS,1.47,2.607,1xbet+GG.bet,ok,2026-10-02 13:59
6870611655,2026-06-30T19:15:00Z,league-of-legends-prime-league-1st-division-summer,Kaufland Hangry Knights,Eintracht Spandau,2.627,1.454,1xbet,ok,2026-10-02 14:00
7818399674,2026-06-30T17:15:00Z,league-of-legends-prime-league-1st-division-summer,G2 NORD,ROSSMANN Centaurs,1.083,7.0,1xbet,ok,2026-10-02 14:00
7952844534,2026-06-30T18:15:00Z,league-of-legends-prime-league-1st-division-summer,VfB eSports,TeamOrangeGaming,5.5,1.125,1xbet,ok,2026-10-02 14:00
4380019877,2026-06-13T08:00:00Z,league-of-legends-ljl-spring,Rising Gaming,Arneb,,,,none,2026-10-02 14:00
71170502,2026-06-04T11:00:00Z,league-of-legends-ljl,Fennel,Rising Gaming,,,,none,2026-10-02 14:00
6646125290,2026-06-11T18:00:00Z,league-of-legends-south-america-&-latam-qualifier,Vivo Keyd Stars,RED Canids,2.989,1.374,1xbet,ok,2026-10-02 14:00
71906970,2026-06-07T16:00:00Z,league-of-legends-esports-world-cup,Red Canids,Leviatan,1.08,6.82,GG.bet,ok,2026-10-02 14:00
5085052270,2026-06-11T10:00:00Z,league-of-legends-vcs-summer,Saigon Warriors,SN CyberCore Esports,,,,none,2026-10-02 14:00
71899438,2026-06-06T16:00:00Z,league-of-legends-road-of-legends,mCon esports,Frites eSports Club,1.02,12.1,1xbet,ok,2026-10-02 14:00
71611238,2026-05-26T16:00:00Z,league-of-legends-road-of-legends,The Bandits,Frites eSports Club,,,,none,2026-10-02 14:00
71931824,2026-06-05T16:00:00Z,league-of-legends-les,Los Heretics,UCAM Esports Club,1.26,3.58,GG.bet,ok,2026-10-02 14:00
71654714,2026-06-03T15:00:00Z,league-of-legends-les,Los Heretics,Barca eSports,1.13,5.5,GG.bet,ok,2026-10-02 14:00
71746512,2026-06-05T14:30:00Z,league-of-legends-tcl,Misa eSports,Pcific eSports,1.1,7.75,1xbet+GG.bet,ok,2026-10-02 14:00
71170492,2026-05-28T08:00:00Z,league-of-legends-ljl,Fennel,L Guide Gaming,10.0,1.03,1xbet,ok,2026-10-02 14:00
71170480,2026-05-21T08:00:00Z,league-of-legends-ljl,Fennel,Uwinks,10.0,1.03,1xbet,ok,2026-10-02 14:00
71170496,2026-06-03T08:00:00Z,league-of-legends-ljl,Arneb,Detonation Focusme Academy,5.38,1.14,1xbet,ok,2026-10-02 14:00
71840312,2026-06-02T14:00:00Z,league-of-legends-hitpoint-masters,Esuba,Nightbirds,1.1,7.58,1xbet+GG.bet,ok,2026-10-02 14:00
71917556,2026-06-05T16:00:00Z,league-of-legends-nlc,The Ruddy Sack,Verdant,,,,none,2026-10-02 14:00
71810508,2026-06-01T18:00:00Z,league-of-legends-nlc,Verdant,Deer Gaming,,,,none,2026-10-02 14:00
71826612,2026-05-31T09:00:00Z,league-of-legends-lcp,Deep Cross Gaming,Team Secret Whales,1.22,4.47,1xbet+GG.bet,ok,2026-10-02 14:00
71703156,2026-05-29T09:00:00Z,league-of-legends-lcp,Team Secret Whales,MVK Esports,1.177,4.47,1xbet,ok,2026-10-02 14:00
70316858,2026-05-17T09:00:00Z,league-of-legends-lcp,Detonation Focusme,Team Secret Whales,,,,none,2026-10-02 14:00
71704780,2026-05-31T20:00:00Z,league-of-legends-lcs,Team Liquid,Shopify Rebellion,1.055,10.6,1xbet,ok,2026-10-02 14:00
71531268,2026-05-29T16:00:00Z,league-of-legends-lit,Gmblers eSports,Hmble,1.08,9.85,1xbet+GG.bet,ok,2026-10-02 14:00
71403662,2026-05-14T16:00:00Z,league-of-legends-lit,EKO Esports,Gmblers eSports,2.516,1.59,1xbet+GG.bet,ok,2026-10-02 14:00
71768816,2026-05-28T15:00:00Z,league-of-legends-prime-league-pro-division,E Wie Einfach E-Sports,Berlin International Gaming,,,,none,2026-10-02 14:00
71170474,2026-05-14T11:00:00Z,league-of-legends-ljl,Arneb,Fennel,,,,none,2026-10-02 14:00
71648292,2026-05-27T16:00:00Z,league-of-legends-lfl,Solary,Karmine Corp Blue,1.17,4.61,GG.bet,ok,2026-10-02 14:00
71630712,2026-05-26T15:00:00Z,league-of-legends-prime-league-pro-division,E Wie Einfach E-Sports,Eintracht Spandau,1.27,3.5,GG.bet,ok,2026-10-02 14:00
70983662,2026-05-11T15:00:00Z,league-of-legends-prime-league-pro-division,Eintracht Frankfurt,G2 Nord,1.15,6.33,1xbet+GG.bet,ok,2026-10-02 14:00
71889148,2026-06-08T23:00:00Z,league-of-legends-lrn,Fuego,G3V E-Sports,1.14,5.56,1xbet+GG.bet,ok,2026-10-02 14:00
71721514,2026-05-26T06:50:00Z,league-of-legends-esports-world-cup,Dplus,Hanwha Life Esports,7.62,1.07,GG.bet,ok,2026-10-02 14:00
71606624,2026-05-25T10:00:00Z,league-of-legends-esports-world-cup,Nongshim Redforce,Hanwha Life Esports,6.5,1.15,1xbet+GG.bet,ok,2026-10-02 14:00
70369234,2026-05-25T05:00:00Z,league-of-legends-lck-cl,Dplus Challengers,Hanwha Life Esports Challengers,1.26,4.78,1xbet+GG.bet,ok,2026-10-02 14:00
70369500,2026-05-14T17:00:00Z,league-of-legends-road-of-legends,Myth eSports,The Bandits,5.15,1.15,1xbet,ok,2026-10-02 14:00
71481604,2026-05-22T13:00:00Z,league-of-legends-vcs,Mvk Academy,Cybercore eSports,,,,none,2026-10-02 14:00
71481534,2026-05-15T10:00:00Z,league-of-legends-vcs,Saigon Warriors,Cybercore eSports,1.28,3.46,GG.bet,ok,2026-10-02 14:00
71482574,2026-05-21T15:00:00Z,league-of-legends-prime-league-pro-division,G2 Nord,Unicorns of Love Sexy Edition,1.38,3.47,1xbet+GG.bet,ok,2026-10-02 14:00
70983668,2026-05-12T17:00:00Z,league-of-legends-prime-league-pro-division,Centaurs,Unicorns of Love Sexy Edition,1.04,12.0,1xbet+GG.bet,ok,2026-10-02 14:00
71631158,2026-05-21T16:00:00Z,league-of-legends-lfl,Galions,Esprit Shonen,7.5,1.074,1xbet,ok,2026-10-02 14:00
71206006,2026-05-14T18:00:00Z,league-of-legends-esports-world-cup,Shifters,Galions,3.45,1.28,GG.bet,ok,2026-10-02 14:00
71537622,2026-05-21T14:00:00Z,league-of-legends-tcl,Misa eSports,Ozarox eSports,1.19,4.36,GG.bet,ok,2026-10-02 14:00
71481596,2026-05-20T13:00:00Z,league-of-legends-vcs,Saigon Warriors,9Gaming,,,,none,2026-10-02 14:00
70450206,2026-05-20T18:00:00Z,league-of-legends-les,Barca eSports,Los Heretics,5.74,1.12,GG.bet,ok,2026-10-02 14:00
71577386,2026-05-19T16:00:00Z,league-of-legends-road-of-legends,Dynasty,Frites eSports Club,1.01,13.7,1xbet,ok,2026-10-02 14:00
71314826,2026-05-12T09:00:00Z,league-of-legends-esports-world-cup,Detonation Focusme,Deep Cross Gaming,4.31,1.19,GG.bet,ok,2026-10-02 14:00
70316846,2026-05-10T09:00:00Z,league-of-legends-lcp,Detonation Focusme,Deep Cross Gaming,,,,none,2026-10-05 12:27
70316826,2026-05-03T09:00:00Z,league-of-legends-lcp,Fukuoka Softbank Hawks Gaming,Detonation Focusme,,,,none,2026-10-05 12:27
71434078,2026-05-17T16:00:00Z,league-of-legends-cblol,Furia Esports,Loud,1.29,3.4,GG.bet,ok,2026-10-02 14:00
70855302,2026-05-17T15:00:00Z,league-of-legends-hitpoint-masters,Team Brute,Esuba,,,,none,2026-10-02 14:00
70316860,2026-05-17T11:30:00Z,league-of-legends-lcp,GAM Esports,Ctbc Flying Oyster,1.31,3.375,1xbet,ok,2026-10-02 14:00
71340478,2026-05-07T09:00:00Z,league-of-legends-esports-world-cup,Ctbc Flying Oyster,Fukuoka Softbank Hawks Gaming,2.754,1.49,1xbet+GG.bet,ok,2026-10-05 12:27
70316828,2026-05-03T11:30:00Z,league-of-legends-lcp,Ctbc Flying Oyster,Team Secret Whales,5.0,1.143,1xbet,ok,2026-10-05 12:27
70066968,2026-05-17T20:00:00Z,league-of-legends-lcs,Sentinels,Dignitas,1.137,6.15,1xbet+GG.bet,ok,2026-10-02 14:00
70066954,2026-05-09T20:00:00Z,league-of-legends-lcs,Shopify Rebellion,Sentinels,3.48,1.36,1xbet+GG.bet,ok,2026-10-05 12:27
71481536,2026-05-15T13:00:00Z,league-of-legends-vcs,Mvk Academy,9Gaming,2.08,1.7,GG.bet,ok,2026-10-02 14:00
70066032,2026-05-04T17:15:00Z,league-of-legends-lec,Shifters,Movistar Koi,4.035,1.28,1xbet+GG.bet,ok,2026-10-05 12:27
71192694,2026-04-30T15:00:00Z,league-of-legends-esports-world-cup,Team Vitality,Shifters,1.13,5.7,1xbet+GG.bet,ok,2026-10-05 12:27
71209566,2026-05-14T18:00:00Z,league-of-legends-esports-world-cup,Giantx,Solary,1.22,4.0,GG.bet,ok,2026-10-02 14:00
71240648,2026-05-07T19:00:00Z,league-of-legends-lfl,Solary,Zyb,1.05,8.5,GG.bet,ok,2026-10-05 12:27
71045520,2026-05-01T20:00:00Z,league-of-legends-lfl,Solary,Zyb,1.13,6.46,1xbet+GG.bet,ok,2026-10-05 12:27
70450200,2026-05-14T15:00:00Z,league-of-legends-les,UCAM Esports,Lua Gaming,1.1,6.15,GG.bet,ok,2026-10-02 14:00
70450196,2026-05-13T15:00:00Z,league-of-legends-les,Barca eSports,Falke eSports,1.02,12.01,GG.bet,ok,2026-10-02 14:00
71481528,2026-05-13T13:00:00Z,league-of-legends-vcs,Saigon Dino,Mvk Academy,1.385,2.926,1xbet,ok,2026-10-02 14:00
71291800,2026-05-12T08:00:00Z,league-of-legends-esports-world-cup,FEARX,T1,2.88,1.38,GG.bet,ok,2026-10-02 14:00
71177744,2026-05-12T20:00:00Z,league-of-legends-lrs,Malvinas Gaming,The New Kings,,,,none,2026-10-02 14:00
70636434,2026-05-12T14:30:00Z,league-of-legends-tcl,Misa eSports,Bushido Wildcats,1.04,8.9,GG.bet,ok,2026-10-02 14:00
70636436,2026-05-12T17:30:00Z,league-of-legends-tcl,Pcific eSports,Bbl Dark Passage,1.21,4.29,1xbet,ok,2026-10-02 14:00
70636426,2026-05-07T14:30:00Z,league-of-legends-tcl,Misa eSports,Bbl Dark Passage,1.015,12.0,1xbet,ok,2026-10-05 12:27
70369422,2026-05-12T17:00:00Z,league-of-legends-road-of-legends,Frites eSports Club,mCon esports,1.02,12.1,1xbet,ok,2026-10-02 14:00
70369350,2026-05-07T18:00:00Z,league-of-legends-road-of-legends,Myth eSports,Frites eSports Club,12.1,1.02,1xbet,ok,2026-10-05 12:27
70369272,2026-04-28T17:00:00Z,league-of-legends-road-of-legends,Frites eSports Club,The Bandits,1.12,5.88,1xbet,ok,2026-10-05 12:27
70066132,2026-05-10T13:00:00Z,league-of-legends-lec,Karmine Corp,Giantx,1.2,5.02,1xbet+GG.bet,ok,2026-10-02 14:00
70066038,2026-05-09T14:00:00Z,league-of-legends-lec,G2 Esports,Giantx,1.09,7.34,1xbet,ok,2026-10-05 12:27
70369190,2026-05-08T04:55:00Z,league-of-legends-lck-cl,Dplus Challengers,KT Rolster Challengers,1.51,2.46,GG.bet,ok,2026-10-05 12:27
71209460,2026-05-07T16:00:00Z,league-of-legends-lit,Hmble,Colossal Gaming,1.09,7.75,1xbet+GG.bet,ok,2026-10-05 12:27
70983656,2026-05-06T17:00:00Z,league-of-legends-prime-league-pro-division,Centaurs,TeamOrangeGaming,12.0,1.05,1xbet+GG.bet,ok,2026-10-05 12:27
70983646,2026-04-30T15:00:00Z,league-of-legends-prime-league-pro-division,TeamOrangeGaming,Berlin International Gaming,,,,none,2026-10-05 12:27
70636422,2026-05-06T14:30:00Z,league-of-legends-tcl,Team Phoenix,Su eSports,5.59,1.12,GG.bet,ok,2026-10-05 12:27
71035810,2026-05-06T15:00:00Z,league-of-legends-gll,Almo Players,Team Insidious,,,,none,2026-10-05 12:27
70636420,2026-05-05T17:30:00Z,league-of-legends-tcl,Pcific eSports,Misa eSports,7.69,1.12,1xbet+GG.bet,ok,2026-10-05 12:27
71284996,2026-05-05T08:00:00Z,league-of-legends-esports-world-cup,Hanwha Life Esports,Soopers,1.06,8.35,1xbet,ok,2026-10-05 12:27
71250416,2026-05-04T07:00:00Z,league-of-legends-esports-world-cup,DRX,Soopers,1.55,2.35,GG.bet,ok,2026-10-05 12:27
70855274,2026-05-02T14:00:00Z,league-of-legends-hitpoint-masters,Cita Kaizen,Meavedron,,,,none,2026-10-05 12:27
70855260,2026-04-18T11:30:00Z,league-of-legends-hitpoint-masters,Meavedron,Nightbirds,,,,none,2026-10-05 12:27
70066886,2026-05-02T20:00:00Z,league-of-legends-lcs,Cloud9,Dignitas,1.044,11.9,1xbet+GG.bet,ok,2026-10-05 12:27
70066864,2026-04-25T19:30:00Z,league-of-legends-lcs,Flyquest,Dignitas,1.198,5.57,1xbet+GG.bet,ok,2026-10-05 12:27
71217660,2026-05-05T10:00:00Z,league-of-legends-esports-world-cup,Dplus,Nongshim Redforce,1.26,3.64,GG.bet,ok,2026-10-05 12:27
70066022,2026-05-02T17:15:00Z,league-of-legends-lec,Team Vitality,SK Gaming,1.12,5.77,GG.bet,ok,2026-10-05 12:27
71056082,2026-04-28T18:00:00Z,league-of-legends-esports-world-cup,Team Vitality,Solary,1.09,6.7,GG.bet,ok,2026-10-05 12:27
70913052,2026-04-23T20:00:00Z,league-of-legends-lfl,Solary,Vitality Bee,1.09,6.5,GG.bet,ok,2026-10-05 12:27
71190430,2026-04-30T15:00:00Z,league-of-legends-esports-world-cup,SK Gaming,Galions,1.32,3.19,GG.bet,ok,2026-10-05 12:27
71056078,2026-04-28T15:00:00Z,league-of-legends-esports-world-cup,Natus Wincere,Galions,1.3,3.33,GG.bet,ok,2026-10-05 12:27
70913040,2026-04-22T19:00:00Z,league-of-legends-lfl,Galions,Joblife,1.29,3.38,GG.bet,ok,2026-10-05 12:27
70819024,2026-04-17T17:00:00Z,league-of-legends-lfl,Galions,Tln Pirates,1.32,3.47,1xbet+GG.bet,ok,2026-10-05 12:27
70817732,2026-04-16T17:00:00Z,league-of-legends-lfl,Skillcamp,Galions,4.83,1.184,1xbet+GG.bet,ok,2026-10-05 12:27
70817606,2026-04-15T18:00:00Z,league-of-legends-lfl,Zyb,Galions,3.615,1.33,1xbet+GG.bet,ok,2026-10-05 12:27
70855276,2026-05-02T16:30:00Z,league-of-legends-hitpoint-masters,Nightbirds,Exile eSports,,,,none,2026-10-05 12:27
70855268,2026-04-30T16:30:00Z,league-of-legends-hitpoint-masters,Nightbirds,Team Brute,,,,none,2026-10-05 12:27
70819020,2026-04-17T16:00:00Z,league-of-legends-lfl,Skillcamp,Solary,4.54,1.2,1xbet+GG.bet,ok,2026-10-05 12:27
70819014,2026-04-16T18:55:00Z,league-of-legends-lfl,Karmine Corp Blue,Solary,2.7,1.45,1xbet+GG.bet,ok,2026-10-05 12:27
70066020,2026-05-02T15:00:00Z,league-of-legends-lec,Fnatic,Team Heretics,1.35,3.05,GG.bet,ok,2026-10-05 12:27
71170702,2026-04-29T15:00:00Z,league-of-legends-esports-world-cup,G2 Esports,Fnatic,1.23,4.06,1xbet,ok,2026-10-05 12:27
71173030,2026-04-29T18:00:00Z,league-of-legends-esports-world-cup,Karmine Corp,SK Gaming,1.05,8.65,GG.bet,ok,2026-10-05 12:27
70066014,2026-04-25T18:00:00Z,league-of-legends-lec,Karmine Corp,Shifters,1.13,5.44,GG.bet,ok,2026-10-05 12:27
70066006,2026-04-20T17:15:00Z,league-of-legends-lec,SK Gaming,Karmine Corp,5.95,1.14,1xbet+GG.bet,ok,2026-10-05 12:27
70066016,2026-04-26T15:00:00Z,league-of-legends-lec,Shifters,Natus Wincere,2.77,1.41,GG.bet,ok,2026-10-05 12:27
70066004,2026-04-20T15:00:00Z,league-of-legends-lec,Shifters,G2 Esports,5.72,1.12,GG.bet,ok,2026-10-05 12:27
70231234,2026-04-26T16:00:00Z,league-of-legends-cblol,Furia Esports,Loud,1.36,2.99,1xbet,ok,2026-10-05 12:27
70231222,2026-04-18T16:00:00Z,league-of-legends-cblol,Fluxo W7M,Furia Esports,3.78,1.24,GG.bet,ok,2026-10-05 12:27
70231214,2026-04-13T21:00:00Z,league-of-legends-cblol,Pain Gaming,Furia Esports,6.11,1.1,GG.bet,ok,2026-10-05 12:28
70231204,2026-04-11T16:00:00Z,league-of-legends-cblol,Furia Esports,Leviatan,1.2,4.17,GG.bet,ok,2026-10-05 12:28
70066892,2026-05-03T23:00:00Z,league-of-legends-lcs,Flyquest,Shopify Rebellion,1.25,3.71,GG.bet,ok,2026-10-05 12:27
70066880,2026-04-25T23:00:00Z,league-of-legends-lcs,Cloud9,Shopify Rebellion,1.14,5.26,GG.bet,ok,2026-10-05 12:27
70066856,2026-04-19T20:00:00Z,league-of-legends-lcs,Lyon Gaming,Shopify Rebellion,1.16,4.78,GG.bet,ok,2026-10-05 12:27
70316800,2026-04-25T09:00:00Z,league-of-legends-lcp,Detonation Focusme,GAM Esports,,,,none,2026-10-05 12:27
71314828,2026-05-07T09:00:00Z,league-of-legends-esports-world-cup,Team Secret Whales,GAM Esports,1.44,2.986,1xbet+GG.bet,ok,2026-10-05 12:27
70316806,2026-04-25T11:30:00Z,league-of-legends-lcp,Team Secret Whales,Ground Zero,1.22,4.175,1xbet,ok,2026-10-05 12:27
71019514,2026-04-23T16:00:00Z,league-of-legends-lit,Hmble,Gmblers eSports,1.04,9.85,1xbet,ok,2026-10-05 12:27
70983660,2026-05-07T17:00:00Z,league-of-legends-prime-league-pro-division,Kaufland Hangry Knights,Berlin International Gaming,,,,none,2026-10-05 12:27
70970366,2026-04-23T17:00:00Z,league-of-legends-prime-league-pro-division,Centaurs,Berlin International Gaming,,,,none,2026-10-05 12:27
70424418,2026-04-16T18:00:00Z,league-of-legends-prime-league-pro-division,Eintracht Spandau,Berlin International Gaming,,,,none,2026-10-05 12:27
70424406,2026-04-15T17:00:00Z,league-of-legends-prime-league-pro-division,Eintracht Frankfurt,Berlin International Gaming,,,,none,2026-10-05 12:27
70424390,2026-04-10T15:00:00Z,league-of-legends-prime-league-pro-division,E Wie Einfach E-Sports,Berlin International Gaming,,,,none,2026-10-05 12:28
70636408,2026-04-23T17:30:00Z,league-of-legends-tcl,Misa eSports,Su eSports,1.18,4.44,GG.bet,ok,2026-10-05 12:27
70369270,2026-04-23T18:00:00Z,league-of-legends-road-of-legends,Frites eSports Club,Dynasty,1.05,9.0,1xbet,ok,2026-10-05 12:27
70612286,2026-04-10T19:00:00Z,league-of-legends-lfl,Joblife,Solary,2.97,1.36,GG.bet,ok,2026-10-05 12:28
70965948,2026-04-21T20:00:00Z,league-of-legends-lrs,Golden Lions,Seven Dark,,,,none,2026-10-05 12:27
70884948,2026-04-20T23:00:00Z,league-of-legends-lrn,Fuego,Zeu5 eSports,1.1,7.75,1xbet+GG.bet,ok,2026-10-05 12:27
70231226,2026-04-19T16:00:00Z,league-of-legends-cblol,Loud,Leviatan,1.07,7.44,GG.bet,ok,2026-10-05 12:27
70231216,2026-04-14T00:00:00Z,league-of-legends-cblol,Leviatan,Red Canids,6.78,1.08,GG.bet,ok,2026-10-05 12:28
70066002,2026-04-19T17:15:00Z,league-of-legends-lec,Team Heretics,Movistar Koi,6.75,1.08,GG.bet,ok,2026-10-05 12:27
70065962,2026-04-11T16:30:00Z,league-of-legends-lec,Movistar Koi,SK Gaming,1.171,5.9,1xbet+GG.bet,ok,2026-10-05 12:28
70855258,2026-04-18T09:00:00Z,league-of-legends-hitpoint-masters,Exile eSports,Esuba,,,,none,2026-10-05 12:27
70424430,2026-04-17T19:00:00Z,league-of-legends-prime-league-pro-division,G2 Nord,Eintracht Frankfurt,1.28,4.02,1xbet+GG.bet,ok,2026-10-05 12:27
70424422,2026-04-17T15:00:00Z,league-of-legends-prime-league-pro-division,Kaufland Hangry Knights,Eintracht Spandau,3.53,1.296,1xbet+GG.bet,ok,2026-10-05 12:27
70424368,2026-04-03T19:00:00Z,league-of-legends-prime-league-pro-division,Eintracht Frankfurt,Unicorns of Love Sexy Edition,2.61,1.46,GG.bet,ok,2026-10-05 12:28
70552086,2026-04-17T16:00:00Z,league-of-legends-lit,Hmble,Zena eSports,1.1,6.5,1xbet+GG.bet,ok,2026-10-05 12:27
70532770,2026-04-09T16:55:00Z,league-of-legends-lit,Hmble,EKO Esports,1.13,7.08,1xbet+GG.bet,ok,2026-10-05 12:28
70424426,2026-04-17T17:00:00Z,league-of-legends-prime-league-pro-division,Centaurs,TeamOrangeGaming,,,,none,2026-10-05 12:27
70064946,2026-04-16T13:00:00Z,league-of-legends-gll,Almo Players,GOAL,,,,none,2026-10-05 12:27
70424414,2026-04-16T16:00:00Z,league-of-legends-prime-league-pro-division,G2 Nord,Kaufland Hangry Knights,1.31,3.74,1xbet+GG.bet,ok,2026-10-05 12:27
70369254,2026-04-16T17:00:00Z,league-of-legends-road-of-legends,Frites eSports Club,Zennit,1.05,9.0,1xbet,ok,2026-10-05 12:27
70368770,2026-04-07T18:00:00Z,league-of-legends-road-of-legends,Once Upon A Team,Frites eSports Club,9.0,1.05,1xbet,ok,2026-10-05 12:28
70369258,2026-04-16T18:00:00Z,league-of-legends-road-of-legends,Once Upon A Team,The Bandits,3.76,1.26,1xbet,ok,2026-10-05 12:27
70231220,2026-04-15T00:00:00Z,league-of-legends-cblol,Fluxo W7M,Loud,6.28,1.1,GG.bet,ok,2026-10-05 12:27
70369152,2026-04-14T18:00:00Z,league-of-legends-road-of-legends,Senshi eSports,mCon esports,1.8,1.97,1xbet,ok,2026-10-05 12:27
70065944,2026-04-04T14:15:00Z,league-of-legends-lec,G2 Esports,Team Heretics,1.1,6.06,GG.bet,ok,2026-10-05 12:28
70231206,2026-04-11T19:00:00Z,league-of-legends-cblol,Red Canids,Pain Gaming,1.03,9.87,GG.bet,ok,2026-10-05 12:28
70612270,2026-04-09T18:00:00Z,league-of-legends-lfl,Tln Pirates,Solary,3.94,1.248,1xbet+GG.bet,ok,2026-10-05 12:28
70064896,2026-04-08T13:00:00Z,league-of-legends-gll,Team Paradox,Team Insidious,,,,none,2026-10-05 12:28
70424354,2026-04-02T17:00:00Z,league-of-legends-prime-league-pro-division,G2 Nord,E Wie Einfach E-Sports,1.192,4.31,1xbet,ok,2026-10-05 12:28
70064804,2026-03-31T14:00:00Z,league-of-legends-gll,Almo Players,Team Phantasma,,,,pending,
70231202,2026-04-05T19:00:00Z,league-of-legends-cblol,Keyd Stars,Furia Esports,5.74,1.12,GG.bet,ok,2026-10-05 12:28
70270422,2026-03-26T10:00:00Z,league-of-legends-vcs,Mvk Academy,Saigon Warriors,,,,pending,
70983658,2026-05-07T15:00:00Z,league-of-legends-prime-league-pro-division,Eintracht Frankfurt,Eintracht Spandau,5.17,1.15,1xbet+GG.bet,ok,2026-10-05 12:27
71170466,2026-05-05T11:00:00Z,league-of-legends-ljl,New Meta,Fennel,10.0,1.03,1xbet,ok,2026-10-05 12:27
